flow_duration_us,fwd_packets,bwd_packets,fwd_bytes,bwd_bytes,fwd_length_max,bwd_length_max,fwd_length_min,bwd_length_min,fwd_length_mean,bwd_length_mean,dataset_label
5190025,8,6,365,3318,190,1604,0,0,45.625,553.0,BENIGN
73558,2,2,66,330,33,165,33,165,33.0,165.0,BENIGN
48301,1,1,51,175,51,175,51,175,51.0,175.0,BENIGN
849279,3,4,26,11601,20,8760,0,0,8.666666667,2900.25,DDoS
22,13,0,650,0,50,0,50,0,50.0,0.0,BENIGN
75516124,15,13,1813,1658,624,553,0,0,120.8666667,127.5384615,BENIGN
1,2,0,12,0,6,0,6,0,6.0,0.0,BENIGN
9651887,5,0,30,0,6,0,6,0,6.0,0.0,DDoS
97202668,7,9,12982,56,4380,20,0,0,1854.571429,6.222222222,BENIGN
43287,3,6,26,11607,20,5840,0,0,8.666666667,1934.5,DDoS
1204114,3,4,26,11601,20,8760,0,0,8.666666667,2900.25,DDoS
1003496,2,5,20,11607,20,10135,0,0,10.0,2321.4,DDoS
10365914,21,16,1942,2196,252,307,0,0,92.47619048,137.25,BENIGN
212,2,2,84,116,42,58,42,58,42.0,58.0,BENIGN
84776006,8,6,56,11601,20,4380,0,0,7.0,1933.5,DDoS
178,2,2,102,224,51,112,51,112,51.0,112.0,BENIGN
660143,5,0,30,0,6,0,6,0,6.0,0.0,DDoS
23395,1,1,47,75,47,75,47,75,47.0,75.0,BENIGN
1387877,3,5,26,11607,20,10135,0,0,8.666666667,2321.4,DDoS
871807,5,0,30,0,6,0,6,0,6.0,0.0,DDoS
18663,2,0,0,0,0,0,0,0,0.0,0.0,BENIGN
387249,3,5,26,11601,20,5840,0,0,8.666666667,2320.2,DDoS
405,3,0,0,0,0,0,0,0,0.0,0.0,BENIGN
24007763,1,6,6,36,6,6,6,6,6.0,6.0,BENIGN
185,2,2,80,112,40,56,40,56,40.0,56.0,BENIGN
206,2,2,64,258,32,129,32,129,32.0,129.0,BENIGN
7171432,5,0,30,0,6,0,6,0,6.0,0.0,DDoS
67,1,1,0,0,0,0,0,0,0.0,0.0,BENIGN
214,2,2,64,96,32,48,32,48,32.0,48.0,BENIGN
95814,1,1,48,112,48,112,48,112,48.0,112.0,BENIGN
8669990,4,0,24,0,6,0,6,0,6.0,0.0,DDoS
77314556,6,10,11613,68,10135,20,0,0,1935.5,6.8,BENIGN
1862741,3,5,26,11607,20,10135,0,0,8.666666667,2321.4,DDoS
6061882,5,0,30,0,6,0,6,0,6.0,0.0,DDoS
329,2,2,66,98,33,49,33,49,33.0,49.0,BENIGN
79810032,8,5,56,11607,20,10135,0,0,7.0,2321.4,DDoS
96607913,8,4,56,11607,20,11595,0,0,7.0,2901.75,DDoS
80158706,9,5,62,11607,20,5840,0,0,6.888888889,2321.4,DDoS
4948016,1,5,6,30,6,6,6,6,6.0,6.0,BENIGN
249678,3,4,26,11601,20,8760,0,0,8.666666667,2900.25,DDoS
709354,3,6,26,11607,20,4380,0,0,8.666666667,1934.5,DDoS
434218,3,5,26,11607,20,10135,0,0,8.666666667,2321.4,DDoS
70879968,8,6,56,11601,20,5840,0,0,7.0,1933.5,DDoS
1372940,3,4,26,11601,20,10135,0,0,8.666666667,2900.25,DDoS
61567,3,5,26,11607,20,5840,0,0,8.666666667,2321.4,DDoS
9080204,1,5,6,30,6,6,6,6,6.0,6.0,BENIGN
3639293,1,5,6,30,6,6,6,6,6.0,6.0,BENIGN
5278687,3,1,0,0,0,0,0,0,0.0,0.0,BENIGN
96384,2,2,66,196,33,98,33,98,33.0,98.0,BENIGN
749309,3,6,26,11601,20,4380,0,0,8.666666667,1933.5,DDoS
324,2,2,90,206,45,103,45,103,45.0,103.0,BENIGN
83943975,8,6,56,11607,20,4380,0,0,7.0,1934.5,DDoS
178,2,0,0,0,0,0,0,0,0.0,0.0,BENIGN
28167,3,4,26,11607,20,11595,0,0,8.666666667,2901.75,DDoS
97614044,8,4,56,11601,20,8760,0,0,7.0,2900.25,DDoS
155199,3,6,26,11607,20,4380,0,0,8.666666667,1934.5,DDoS
30786,3,5,26,11601,20,5755,0,0,8.666666667,2320.2,DDoS
5949232,1,5,6,30,6,6,6,6,6.0,6.0,BENIGN
99285689,8,9,12976,56,4380,20,0,0,1622.0,6.222222222,BENIGN
73,1,1,6,6,6,6,6,6,6.0,6.0,BENIGN
34560,7,2,11601,26,4380,20,0,6,1657.285714,13.0,BENIGN
8629087,4,0,24,0,6,0,6,0,6.0,0.0,DDoS
28261,3,5,26,11601,20,4380,0,0,8.666666667,2320.2,DDoS
62125,3,5,26,11601,20,4380,0,0,8.666666667,2320.2,DDoS
67275,4,2,204,444,51,222,51,222,51.0,222.0,BENIGN
161,2,2,94,126,47,63,47,63,47.0,63.0,BENIGN
7111627,1,5,6,30,6,6,6,6,6.0,6.0,BENIGN
76384515,9,4,62,11601,20,8760,0,0,6.888888889,2900.25,DDoS
63081,3,5,26,11607,20,7215,0,0,8.666666667,2321.4,DDoS
100188784,8,6,56,11601,20,4380,0,0,7.0,1933.5,DDoS
10094712,4,0,24,0,6,0,6,0,6.0,0.0,DDoS
187,2,2,64,258,32,129,32,129,32.0,129.0,BENIGN
73,1,1,6,6,6,6,6,6,6.0,6.0,BENIGN
15006,2,0,12,0,6,0,6,0,6.0,0.0,BENIGN
4110223,1,5,6,30,6,6,6,6,6.0,6.0,BENIGN
244,2,2,64,258,32,129,32,129,32.0,129.0,BENIGN
252089,3,5,26,11607,20,7300,0,0,8.666666667,2321.4,DDoS
44878,3,6,26,11607,20,5840,0,0,8.666666667,1934.5,DDoS
61072188,15,13,821,3585,433,1490,0,2,54.73333333,275.7692308,BENIGN
1948832,3,6,26,11607,20,4380,0,0,8.666666667,1934.5,DDoS
10112,4,1,109,6,66,6,6,6,27.25,6.0,BENIGN
5223645,7,3,308,147,208,141,0,0,44.0,49.0,BENIGN
159450,3,4,26,11601,20,8760,0,0,8.666666667,2900.25,DDoS
7763200,1,5,6,30,6,6,6,6,6.0,6.0,BENIGN
1752222,3,5,26,11607,20,8760,0,0,8.666666667,2321.4,DDoS
9470446,5,0,30,0,6,0,6,0,6.0,0.0,DDoS
5370101,4,0,24,0,6,0,6,0,6.0,0.0,DDoS
1427975,5,0,30,0,6,0,6,0,6.0,0.0,DDoS
1327405,3,7,26,11607,20,4380,0,0,8.666666667,1658.142857,DDoS
1208340,3,6,26,11607,20,5840,0,0,8.666666667,1934.5,DDoS
1267575,41,42,2728,6634,456,976,0,0,66.53658537,157.952381,BENIGN
8915212,1,6,1375,30,1375,6,1375,0,1375.0,5.0,BENIGN
92262642,7,9,11613,62,5755,20,0,0,1659.0,6.888888889,BENIGN
164218,4,2,140,358,35,179,35,179,35.0,179.0,BENIGN
8731086,8,6,56,11607,20,5840,0,0,7.0,1934.5,DDoS
1869977,5,0,30,0,6,0,6,0,6.0,0.0,DDoS
8903,2,0,0,0,0,0,0,0,0.0,0.0,BENIGN
13823,3,4,26,11601,20,7300,0,0,8.666666667,2900.25,DDoS
341528,34,39,833,57331,230,4344,0,0,24.5,1470.025641,BENIGN
1277415,3,5,26,11607,20,5840,0,0,8.666666667,2321.4,DDoS
419172,3,4,673,421,673,421,0,0,224.3333333,105.25,BENIGN
100442842,8,5,56,11607,20,10135,0,0,7.0,2321.4,DDoS
177742,3,6,26,11607,20,5840,0,0,8.666666667,1934.5,DDoS
10040184,1,5,6,30,6,6,6,6,6.0,6.0,BENIGN
5903049,9,5,353,3001,196,2896,0,0,39.22222222,600.2,BENIGN
3752981,4,0,24,0,6,0,6,0,6.0,0.0,DDoS
111454,1,1,56,84,56,84,56,84,56.0,84.0,BENIGN
6079246,1,6,6,36,6,6,6,6,6.0,6.0,BENIGN
80327130,9,5,62,11607,20,7215,0,0,6.888888889,2321.4,DDoS
9139760,1,5,6,30,6,6,6,6,6.0,6.0,BENIGN
1092201,6,2,11601,26,8760,20,0,6,1933.5,13.0,BENIGN
6044835,4,0,24,0,6,0,6,0,6.0,0.0,DDoS
4554896,5,0,30,0,6,0,6,0,6.0,0.0,DDoS
50596,3,6,26,11601,20,4380,0,0,8.666666667,1933.5,DDoS
73107451,8,5,56,11601,20,4380,0,0,7.0,2320.2,DDoS
158,2,2,66,98,33,49,33,49,33.0,49.0,BENIGN
23594,1,1,57,118,57,118,57,118,57.0,118.0,BENIGN
70900653,6,10,11607,68,4380,20,0,0,1934.5,6.8,BENIGN
4,2,0,0,0,0,0,0,0,0.0,0.0,BENIGN
384082,13,8,828,4867,200,1552,0,0,63.69230769,608.375,BENIGN
302231,2,6,20,11601,20,5840,0,0,10.0,1933.5,DDoS
60236,1,1,50,106,50,106,50,106,50.0,106.0,BENIGN
812474,3,6,26,11607,20,5840,0,0,8.666666667,1934.5,DDoS
4361432,1,6,1375,30,1375,6,1375,0,1375.0,5.0,BENIGN
10256589,4,0,24,0,6,0,6,0,6.0,0.0,DDoS
80368880,8,6,56,11607,20,5840,0,0,7.0,1934.5,DDoS
1379130,4,0,24,0,6,0,6,0,6.0,0.0,DDoS
10048735,4,0,24,0,6,0,6,0,6.0,0.0,DDoS
79219,3,5,26,11601,20,7300,0,0,8.666666667,2320.2,DDoS
38662,3,4,26,11607,20,11595,0,0,8.666666667,2901.75,DDoS
210,2,2,80,112,40,56,40,56,40.0,56.0,BENIGN
5983810,4,0,24,0,6,0,6,0,6.0,0.0,DDoS
80231578,6,9,11607,62,5840,20,0,0,1934.5,6.888888889,BENIGN
1869544,3,5,26,11601,20,5840,0,0,8.666666667,2320.2,DDoS
240,2,2,56,440,28,220,28,220,28.0,220.0,BENIGN
78425500,7,10,11607,68,4380,20,0,0,1658.142857,6.8,BENIGN
7411817,5,0,30,0,6,0,6,0,6.0,0.0,DDoS
80226957,8,5,56,11601,20,7300,0,0,7.0,2320.2,DDoS
155871,4,0,24,0,6,0,6,0,6.0,0.0,DDoS
1423993,4,0,24,0,6,0,6,0,6.0,0.0,DDoS
210,2,2,64,204,32,102,32,102,32.0,102.0,BENIGN
7011420,1,6,6,36,6,6,6,6,6.0,6.0,BENIGN
3822362,1,5,6,30,6,6,6,6,6.0,6.0,BENIGN
4064442,1,5,6,30,6,6,6,6,6.0,6.0,BENIGN
932153,3,6,26,11607,20,4380,0,0,8.666666667,1934.5,DDoS
1253779,3,6,26,11601,20,5840,0,0,8.666666667,1933.5,DDoS
154120,3,5,26,11607,20,10135,0,0,8.666666667,2321.4,DDoS
1398695,3,6,26,11607,20,5840,0,0,8.666666667,1934.5,DDoS
1083207,3,5,26,11601,20,7300,0,0,8.666666667,2320.2,DDoS
6059952,1,6,6,36,6,6,6,6,6.0,6.0,BENIGN
255557,3,6,26,11601,20,7215,0,0,8.666666667,1933.5,DDoS
1233415,3,6,26,11607,20,5755,0,0,8.666666667,1934.5,DDoS
189,2,2,82,114,41,57,41,57,41.0,57.0,BENIGN
8024801,5,0,30,0,6,0,6,0,6.0,0.0,DDoS
25068859,6,6,441,1779,417,1767,0,0,73.5,296.5,BENIGN
8753814,5,0,30,0,6,0,6,0,6.0,0.0,DDoS
158,2,2,64,96,32,48,32,48,32.0,48.0,BENIGN
26915,3,4,26,11607,20,11595,0,0,8.666666667,2901.75,DDoS
7334139,1,5,6,30,6,6,6,6,6.0,6.0,BENIGN
12084527,1,5,1375,24,1375,6,1375,0,1375.0,4.8,BENIGN
470455,3,6,26,11607,20,4380,0,0,8.666666667,1934.5,DDoS
10148697,5,0,30,0,6,0,6,0,6.0,0.0,DDoS
213260,3,5,26,11601,20,7300,0,0,8.666666667,2320.2,DDoS
1775386,3,6,26,11601,20,5840,0,0,8.666666667,1933.5,DDoS
11023720,5,0,30,0,6,0,6,0,6.0,0.0,DDoS
8021623,1,5,6,30,6,6,6,6,6.0,6.0,BENIGN
6924803,4,0,24,0,6,0,6,0,6.0,0.0,DDoS
47284,3,4,26,11607,20,11595,0,0,8.666666667,2901.75,DDoS
6006882,3,1,0,0,0,0,0,0,0.0,0.0,BENIGN
627944,6,2,11607,26,10135,20,0,6,1934.5,13.0,BENIGN
92438385,8,6,56,11607,20,4380,0,0,7.0,1934.5,DDoS
1238384,41,42,2728,6634,456,976,0,0,66.53658537,157.952381,BENIGN
2474568,1,5,6,30,6,6,6,6,6.0,6.0,BENIGN
182463,1,1,38,99,38,99,38,99,38.0,99.0,BENIGN
3061442,4,0,24,0,6,0,6,0,6.0,0.0,DDoS
87856761,8,6,56,11601,20,4380,0,0,7.0,1933.5,DDoS
239,2,0,0,0,0,0,0,0,0.0,0.0,BENIGN
467741,3,6,26,11607,20,4380,0,0,8.666666667,1934.5,DDoS
73545337,8,5,56,11601,20,4380,0,0,7.0,2320.2,DDoS
8596301,1,6,6,36,6,6,6,6,6.0,6.0,BENIGN
3556825,1,5,6,30,6,6,6,6,6.0,6.0,BENIGN
185,2,2,70,126,35,63,35,63,35.0,63.0,BENIGN
130878,3,4,26,11607,20,11595,0,0,8.666666667,2901.75,DDoS
3020521,4,0,24,0,6,0,6,0,6.0,0.0,DDoS
1832966,5,0,30,0,6,0,6,0,6.0,0.0,DDoS
175,2,2,96,96,48,48,48,48,48.0,48.0,BENIGN
10240135,3,0,0,0,0,0,0,0,0.0,0.0,BENIGN
59856,3,5,26,11601,20,4380,0,0,8.666666667,2320.2,DDoS
71678729,8,4,56,11607,20,11595,0,0,7.0,2901.75,DDoS
62344,4,2,108,86,27,43,27,43,27.0,43.0,BENIGN
3038920,4,0,24,0,6,0,6,0,6.0,0.0,DDoS
7523763,4,0,24,0,6,0,6,0,6.0,0.0,DDoS
30707,3,5,26,11607,20,5840,0,0,8.666666667,2321.4,DDoS
252488,3,4,26,11601,20,8675,0,0,8.666666667,2900.25,DDoS
450168,3,4,26,11607,20,11595,0,0,8.666666667,2901.75,DDoS
48349,2,2,68,100,34,50,34,50,34.0,50.0,BENIGN
1064,1,3,927,0,927,0,927,0,927.0,0.0,BENIGN
8967267,7,6,50,11607,20,5755,0,0,7.142857143,1934.5,DDoS
71671169,8,5,56,11607,20,10220,0,0,7.0,2321.4,DDoS
849129,3,6,26,11601,20,5840,0,0,8.666666667,1933.5,DDoS
5276919,5,0,30,0,6,0,6,0,6.0,0.0,DDoS
48,2,0,12,0,6,0,6,0,6.0,0.0,BENIGN
40421,1,1,6,6,6,6,6,6,6.0,6.0,BENIGN
78488257,8,5,56,11607,20,8760,0,0,7.0,2321.4,DDoS
76809653,9,5,62,11601,20,5840,0,0,6.888888889,2320.2,DDoS
24356,2,2,66,130,33,65,33,65,33.0,65.0,BENIGN
115965920,26,24,1123,19147,388,3136,0,0,43.19230769,797.7916667,BENIGN
1862189,3,4,26,11607,20,11595,0,0,8.666666667,2901.75,DDoS
8036644,6,8,11607,56,7300,20,0,0,1934.5,7.0,BENIGN
537388,3,5,26,11601,20,7300,0,0,8.666666667,2320.2,DDoS
6954838,6,0,36,0,6,0,6,0,6.0,0.0,DDoS
78531,6,2,11607,26,10135,20,0,6,1934.5,13.0,BENIGN
12125160,1,6,6,36,6,6,6,6,6.0,6.0,BENIGN
707551,3,7,26,11607,20,4380,0,0,8.666666667,1658.142857,DDoS
215840,3,4,26,11601,20,8760,0,0,8.666666667,2900.25,DDoS
128,3,0,49,0,37,0,6,0,16.33333333,0.0,BENIGN
31731,2,2,60,188,30,94,30,94,30.0,94.0,BENIGN
51,3,1,43,6,31,6,6,6,14.33333333,6.0,BENIGN
449734,3,4,26,11601,20,8760,0,0,8.666666667,2900.25,DDoS
96999573,8,4,56,11607,20,11595,0,0,7.0,2901.75,DDoS
80264674,8,5,56,11607,20,8675,0,0,7.0,2321.4,DDoS
80769434,9,4,62,11601,20,8760,0,0,6.888888889,2900.25,DDoS
143033,47,66,1331,108751,570,4344,0,0,28.31914894,1647.742424,BENIGN
1086785,3,6,26,11607,20,4380,0,0,8.666666667,1934.5,DDoS
129,2,0,12,0,6,0,6,0,6.0,0.0,BENIGN
29672765,6,6,432,1806,432,1806,0,0,72.0,301.0,BENIGN
5808417,4,0,24,0,6,0,6,0,6.0,0.0,DDoS
117707034,7,7,369,762,213,404,6,6,52.71428571,108.8571429,BENIGN
17,1,1,0,0,0,0,0,0,0.0,0.0,BENIGN
176,2,2,96,96,48,48,48,48,48.0,48.0,BENIGN
7129820,5,0,30,0,6,0,6,0,6.0,0.0,DDoS
733120,3,5,26,11601,20,8760,0,0,8.666666667,2320.2,DDoS
2550349,1,5,1375,24,1375,6,1375,0,1375.0,4.8,BENIGN
9792296,1,6,6,36,6,6,6,6,6.0,6.0,BENIGN
7418809,5,0,30,0,6,0,6,0,6.0,0.0,DDoS
2015971,4,0,24,0,6,0,6,0,6.0,0.0,DDoS
36,3,1,18,0,6,0,6,0,6.0,0.0,BENIGN
429409,3,4,679,421,679,421,0,0,226.3333333,105.25,BENIGN
81947757,8,4,56,11607,20,11595,0,0,7.0,2901.75,DDoS
1756006,3,5,26,11601,20,5840,0,0,8.666666667,2320.2,DDoS
557158,5,2,11601,26,7215,20,0,6,2320.2,13.0,BENIGN
28338,3,6,26,11607,20,5840,0,0,8.666666667,1934.5,DDoS
98967500,8,5,56,11601,20,8760,0,0,7.0,2320.2,DDoS
271494,3,5,26,11601,20,7300,0,0,8.666666667,2320.2,DDoS
1022366,3,4,26,11601,20,5840,0,0,8.666666667,2900.25,DDoS
61398,3,4,26,11601,20,10135,0,0,8.666666667,2900.25,DDoS
5677722,9,5,371,3170,190,1460,0,0,41.22222222,634.0,BENIGN
7424775,4,0,24,0,6,0,6,0,6.0,0.0,DDoS
1619970,6,0,36,0,6,0,6,0,6.0,0.0,DDoS
255586,15,10,2399,6099,1368,1812,0,0,159.9333333,609.9,BENIGN
689728,3,5,26,11607,20,7215,0,0,8.666666667,2321.4,DDoS
80241420,8,6,56,11601,20,7300,0,0,7.0,1933.5,DDoS
10185732,4,0,24,0,6,0,6,0,6.0,0.0,DDoS
4091870,5,0,30,0,6,0,6,0,6.0,0.0,DDoS
50673,1,1,54,102,54,102,54,102,54.0,102.0,BENIGN
1467174,3,5,26,11607,20,10135,0,0,8.666666667,2321.4,DDoS
101690298,8,5,56,11607,20,10135,0,0,7.0,2321.4,DDoS
3791858,5,0,30,0,6,0,6,0,6.0,0.0,DDoS
214,2,2,62,160,31,80,31,80,31.0,80.0,BENIGN
822383,3,6,26,11601,20,4380,0,0,8.666666667,1933.5,DDoS
193,2,2,76,212,38,106,38,106,38.0,106.0,BENIGN
226,2,2,68,422,34,211,34,211,34.0,211.0,BENIGN
1961382,5,0,30,0,6,0,6,0,6.0,0.0,DDoS
30349,1,1,55,71,55,71,55,71,55.0,71.0,BENIGN
850,2,2,66,140,33,70,33,70,33.0,70.0,BENIGN
11074853,1,6,6,36,6,6,6,6,6.0,6.0,BENIGN
76933043,8,5,56,11607,20,7215,0,0,7.0,2321.4,DDoS
1629583,3,4,26,11601,20,8760,0,0,8.666666667,2900.25,DDoS
8253828,5,0,30,0,6,0,6,0,6.0,0.0,DDoS
1810692,3,4,26,11601,20,8760,0,0,8.666666667,2900.25,DDoS
10877289,1,6,6,36,6,6,6,6,6.0,6.0,BENIGN
10840353,1,6,6,36,6,6,6,6,6.0,6.0,BENIGN
23757,1,1,47,63,47,63,47,63,47.0,63.0,BENIGN
70754,3,5,26,11601,20,4380,0,0,8.666666667,2320.2,DDoS
8742629,3,0,18,0,6,0,6,0,6.0,0.0,DDoS
214,2,2,64,204,32,102,32,102,32.0,102.0,BENIGN
10292615,5,0,30,0,6,0,6,0,6.0,0.0,DDoS
1112286,1,6,6,36,6,6,6,6,6.0,6.0,BENIGN
5392872,5,0,30,0,6,0,6,0,6.0,0.0,DDoS
55349,3,5,26,11601,20,5840,0,0,8.666666667,2320.2,DDoS
8605778,5,0,30,0,6,0,6,0,6.0,0.0,DDoS
1102563,5,2,11601,26,8760,20,0,6,2320.2,13.0,BENIGN
4130918,5,0,30,0,6,0,6,0,6.0,0.0,DDoS
50667,1,1,0,0,0,0,0,0,0.0,0.0,BENIGN
86648786,6,9,12982,56,10135,20,0,0,2163.666667,6.222222222,BENIGN
11888309,1,6,6,36,6,6,6,6,6.0,6.0,BENIGN
694216,3,6,26,11607,20,5840,0,0,8.666666667,1934.5,DDoS
1752298,3,6,26,11601,20,7300,0,0,8.666666667,1933.5,DDoS
1795910,3,5,26,11607,20,10135,0,0,8.666666667,2321.4,DDoS
1039073,3,6,26,11607,20,5755,0,0,8.666666667,1934.5,DDoS
9872622,4,0,24,0,6,0,6,0,6.0,0.0,DDoS
232379,3,6,26,11607,20,5840,0,0,8.666666667,1934.5,DDoS
3634243,1,5,6,30,6,6,6,6,6.0,6.0,BENIGN
977714,3,5,26,11607,20,10135,0,0,8.666666667,2321.4,DDoS
10718729,5,0,30,0,6,0,6,0,6.0,0.0,DDoS
512389,3,6,26,11607,20,5840,0,0,8.666666667,1934.5,DDoS
48,2,0,124,0,62,0,62,0,62.0,0.0,BENIGN
6445784,1,5,6,30,6,6,6,6,6.0,6.0,BENIGN
890310,3,5,26,11607,20,8675,0,0,8.666666667,2321.4,DDoS
94912342,8,4,56,11607,20,11595,0,0,7.0,2901.75,DDoS
308621,4,2,140,254,35,127,35,127,35.0,127.0,BENIGN
643161,3,5,26,11607,20,8760,0,0,8.666666667,2321.4,DDoS
46025,4,0,24,0,6,0,6,0,6.0,0.0,DDoS
81962738,7,9,11613,62,5840,20,0,0,1659.0,6.888888889,BENIGN
1353857,3,5,26,11601,20,8760,0,0,8.666666667,2320.2,DDoS
6,1,1,0,0,0,0,0,0,0.0,0.0,BENIGN
182,2,2,70,102,35,51,35,51,35.0,51.0,BENIGN
6052007,4,0,24,0,6,0,6,0,6.0,0.0,DDoS
2754229,5,0,30,0,6,0,6,0,6.0,0.0,DDoS
1192411,3,4,26,11607,20,11595,0,0,8.666666667,2901.75,DDoS
2109723,1,6,6,36,6,6,6,6,6.0,6.0,BENIGN
55,1,2,6,12,6,6,6,6,6.0,6.0,BENIGN
255,2,2,64,258,32,129,32,129,32.0,129.0,BENIGN
184,2,2,92,348,46,174,46,174,46.0,174.0,BENIGN
23942,2,5,20,11607,20,5840,0,0,10.0,2321.4,DDoS
1989997,5,0,30,0,6,0,6,0,6.0,0.0,DDoS
756069,3,6,26,11607,20,5840,0,0,8.666666667,1934.5,DDoS
89360153,8,5,56,11607,20,8760,0,0,7.0,2321.4,DDoS
1116,2,2,80,194,40,97,40,97,40.0,97.0,BENIGN
8515798,5,0,30,0,6,0,6,0,6.0,0.0,DDoS
891571,3,6,26,11607,20,4380,0,0,8.666666667,1934.5,DDoS
11583726,1,5,6,30,6,6,6,6,6.0,6.0,BENIGN
2753334,22,18,4209,16192,1237,2571,0,0,191.3181818,899.5555556,BENIGN
92479243,8,5,56,11607,20,10135,0,0,7.0,2321.4,DDoS
74879132,5,9,11607,62,8675,20,0,0,2321.4,6.888888889,BENIGN
218,2,2,76,154,38,77,38,77,38.0,77.0,BENIGN
82051532,6,9,12982,56,10220,20,0,0,2163.666667,6.222222222,BENIGN
8076198,5,0,30,0,6,0,6,0,6.0,0.0,DDoS
2017965,4,0,24,0,6,0,6,0,6.0,0.0,DDoS
1903973,4,0,24,0,6,0,6,0,6.0,0.0,DDoS
51779,3,5,26,11601,20,8760,0,0,8.666666667,2320.2,DDoS
947993,5,0,30,0,6,0,6,0,6.0,0.0,DDoS
3668942,6,0,36,0,6,0,6,0,6.0,0.0,DDoS
3895915,5,0,30,0,6,0,6,0,6.0,0.0,DDoS
36,1,1,6,6,6,6,6,6,6.0,6.0,BENIGN
3747010,5,0,30,0,6,0,6,0,6.0,0.0,DDoS
82424287,8,6,56,11601,20,4380,0,0,7.0,1933.5,DDoS
6137853,5,0,30,0,6,0,6,0,6.0,0.0,DDoS
117354788,21,20,1788,9991,428,2489,0,0,85.14285714,499.55,BENIGN
8999038,3,0,0,0,0,0,0,0,0.0,0.0,BENIGN
30611,2,2,60,116,30,58,30,58,30.0,58.0,BENIGN
5427683,3,1,12,0,6,0,0,0,4.0,0.0,BENIGN
6075846,5,0,30,0,6,0,6,0,6.0,0.0,DDoS
145,2,2,66,190,33,95,33,95,33.0,95.0,BENIGN
71261135,6,9,11607,62,5840,20,0,0,1934.5,6.888888889,BENIGN
71955213,9,4,62,11601,20,8760,0,0,6.888888889,2900.25,DDoS
77004909,8,4,56,11607,20,11595,0,0,7.0,2901.75,DDoS
1842293,3,6,26,11607,20,5840,0,0,8.666666667,1934.5,DDoS
24873,1,1,47,111,47,111,47,111,47.0,111.0,BENIGN
10120550,4,0,24,0,6,0,6,0,6.0,0.0,DDoS
73127320,9,6,62,11607,20,4380,0,0,6.888888889,1934.5,DDoS
62587,1,1,47,107,47,107,47,107,47.0,107.0,BENIGN
924871,3,6,26,11607,20,4380,0,0,8.666666667,1934.5,DDoS
71282827,8,5,56,11607,20,5840,0,0,7.0,2321.4,DDoS
786669,7,2,11601,26,4380,20,0,6,1657.285714,13.0,BENIGN
292,2,2,68,132,34,66,34,66,34.0,66.0,BENIGN
1512594,3,6,26,11601,20,5840,0,0,8.666666667,1933.5,DDoS
6863168,5,0,30,0,6,0,6,0,6.0,0.0,DDoS
280713,2,2,70,194,35,97,35,97,35.0,97.0,BENIGN
55205,3,4,26,11607,20,11595,0,0,8.666666667,2901.75,DDoS
31352,2,2,94,192,47,96,47,96,47.0,96.0,BENIGN
8481795,5,0,30,0,6,0,6,0,6.0,0.0,DDoS
802489,6,3,11601,26,5840,20,0,0,1933.5,8.666666667,BENIGN
290157,3,5,26,11601,20,7300,0,0,8.666666667,2320.2,DDoS
29358,3,4,26,11601,20,8760,0,0,8.666666667,2900.25,DDoS
3073005,6,4,220,292,38,92,36,54,36.66666667,73.0,BENIGN
71379076,9,4,62,11601,20,10135,0,0,6.888888889,2900.25,DDoS
92391108,9,4,62,11607,20,11595,0,0,6.888888889,2901.75,DDoS
1309812,5,2,11607,26,11595,20,0,6,2321.4,13.0,BENIGN
9290127,4,0,24,0,6,0,6,0,6.0,0.0,DDoS
60983,1,1,43,123,43,123,43,123,43.0,123.0,BENIGN
29209,3,7,26,11601,20,4380,0,0,8.666666667,1657.285714,DDoS
75586088,8,4,56,11601,20,8760,0,0,7.0,2900.25,DDoS
60315726,15,15,1119,7671,734,1460,0,2,74.6,511.4,BENIGN
83428923,8,4,56,11601,20,8760,0,0,7.0,2900.25,DDoS
8294751,1,5,6,30,6,6,6,6,6.0,6.0,BENIGN
1906817,1,5,6,30,6,6,6,6,6.0,6.0,BENIGN
2718945,5,0,30,0,6,0,6,0,6.0,0.0,DDoS
31201,3,5,26,11601,20,8760,0,0,8.666666667,2320.2,DDoS
5123638,8,7,358,5198,202,1955,0,0,44.75,742.5714286,BENIGN
65,1,1,6,6,6,6,6,6,6.0,6.0,BENIGN
3970217,1,6,1375,30,1375,6,1375,0,1375.0,5.0,BENIGN
1052465,3,5,26,11601,20,5840,0,0,8.666666667,2320.2,DDoS
519553,3,5,26,11607,20,10135,0,0,8.666666667,2321.4,DDoS
187017,47,59,1331,105841,570,2896,0,0,28.31914894,1793.915254,BENIGN
157160,3,5,26,11607,20,10135,0,0,8.666666667,2321.4,DDoS
3646933,4,0,24,0,6,0,6,0,6.0,0.0,DDoS
162,2,2,72,136,36,68,36,68,36.0,68.0,BENIGN
40636682,8,8,443,557,407,519,0,2,55.375,69.625,BENIGN
95889118,8,6,56,11601,20,4380,0,0,7.0,1933.5,DDoS
860312,3,5,26,11601,20,4380,0,0,8.666666667,2320.2,DDoS
360311,3,6,26,11607,20,5840,0,0,8.666666667,1934.5,DDoS
3985892,4,0,24,0,6,0,6,0,6.0,0.0,DDoS
3626948,5,0,30,0,6,0,6,0,6.0,0.0,DDoS
113214,3,4,26,11601,20,5840,0,0,8.666666667,2900.25,DDoS
83772440,8,3,56,11601,20,11595,0,0,7.0,3867.0,DDoS
3998539,1,6,6,36,6,6,6,6,6.0,6.0,BENIGN
5980866,5,0,30,0,6,0,6,0,6.0,0.0,DDoS
735051,3,5,26,11607,20,10135,0,0,8.666666667,2321.4,DDoS
868268,3,4,26,11607,20,11595,0,0,8.666666667,2901.75,DDoS
33973,3,5,26,11601,20,5840,0,0,8.666666667,2320.2,DDoS
91579739,9,5,62,11607,20,10135,0,0,6.888888889,2321.4,DDoS
7077684,1,6,6,36,6,6,6,6,6.0,6.0,BENIGN
4,2,0,0,0,0,0,0,0,0.0,0.0,BENIGN
5962886,5,0,30,0,6,0,6,0,6.0,0.0,DDoS
97890550,6,9,11613,62,7215,20,0,0,1935.5,6.888888889,BENIGN
187029,5,0,30,0,6,0,6,0,6.0,0.0,DDoS
14221,7,2,11601,26,4380,20,0,6,1657.285714,13.0,BENIGN
1249114,7,2,11607,26,5840,20,0,6,1658.142857,13.0,BENIGN
32953,3,1,43,6,31,6,6,6,14.33333333,6.0,BENIGN
101534939,8,4,56,11601,20,8760,0,0,7.0,2900.25,DDoS
667137,3,6,26,11601,20,4380,0,0,8.666666667,1933.5,DDoS
5740767,5,0,30,0,6,0,6,0,6.0,0.0,DDoS
880962,3,6,26,11601,20,5840,0,0,8.666666667,1933.5,DDoS
1307410,3,4,26,11607,20,11595,0,0,8.666666667,2901.75,DDoS
12054695,4,0,24,0,6,0,6,0,6.0,0.0,DDoS
9044480,1,6,1375,30,1375,6,1375,0,1375.0,5.0,BENIGN
2056003,4,0,24,0,6,0,6,0,6.0,0.0,DDoS
3730086,1,5,6,30,6,6,6,6,6.0,6.0,BENIGN
8169758,5,0,30,0,6,0,6,0,6.0,0.0,DDoS
278858,3,4,26,11601,20,5840,0,0,8.666666667,2900.25,DDoS
24,1,1,0,0,0,0,0,0,0.0,0.0,BENIGN
12030635,1,6,6,36,6,6,6,6,6.0,6.0,BENIGN
78359919,8,6,56,11601,20,4380,0,0,7.0,1933.5,DDoS
4192471,5,0,30,0,6,0,6,0,6.0,0.0,DDoS
2117460,4,0,24,0,6,0,6,0,6.0,0.0,DDoS
89899279,6,9,12976,56,5840,20,0,0,2162.666667,6.222222222,BENIGN
802849,3,6,26,11607,20,5840,0,0,8.666666667,1934.5,DDoS
1136002,4,0,24,0,6,0,6,0,6.0,0.0,DDoS
554609,3,5,26,11607,20,8760,0,0,8.666666667,2321.4,DDoS
5286885,5,0,30,0,6,0,6,0,6.0,0.0,DDoS
69286646,1,6,6,36,6,6,6,6,6.0,6.0,BENIGN
7038961,5,0,30,0,6,0,6,0,6.0,0.0,DDoS
1255982,5,0,30,0,6,0,6,0,6.0,0.0,DDoS
8717649,5,0,30,0,6,0,6,0,6.0,0.0,DDoS
5915917,5,0,30,0,6,0,6,0,6.0,0.0,DDoS
753960,6,2,11601,26,7215,20,0,6,1933.5,13.0,BENIGN
1327399,3,4,26,11607,20,11595,0,0,8.666666667,2901.75,DDoS
220378,3,4,26,11601,20,7215,0,0,8.666666667,2900.25,DDoS
749704,3,5,26,11607,20,5840,0,0,8.666666667,2321.4,DDoS
757566,3,6,26,11601,20,4380,0,0,8.666666667,1933.5,DDoS
73375,3,4,432,2280,426,2266,0,2,144.0,570.0,BENIGN
48061,2,2,68,224,34,112,34,112,34.0,112.0,BENIGN
970400,6,2,11607,26,10135,20,0,6,1934.5,13.0,BENIGN
48768,2,2,70,198,35,99,35,99,35.0,99.0,BENIGN
4928,2,1,44,6,38,6,6,6,22.0,6.0,BENIGN
2069591,1,5,6,30,6,6,6,6,6.0,6.0,BENIGN
92335030,7,9,11607,62,4380,20,0,0,1658.142857,6.888888889,BENIGN
7040842,5,0,30,0,6,0,6,0,6.0,0.0,DDoS
116167,1,1,0,0,0,0,0,0,0.0,0.0,BENIGN
7939830,5,0,30,0,6,0,6,0,6.0,0.0,DDoS
10776,1,1,6,6,6,6,6,6,6.0,6.0,BENIGN
23804,2,1,12,6,6,6,6,6,6.0,6.0,BENIGN
49374,3,5,26,11601,20,7300,0,0,8.666666667,2320.2,DDoS
25799,3,6,26,11601,20,5840,0,0,8.666666667,1933.5,DDoS
768380,3,6,26,11607,20,4380,0,0,8.666666667,1934.5,DDoS
583756,3,5,26,11607,20,7215,0,0,8.666666667,2321.4,DDoS
9514535,1,7,6,42,6,6,6,6,6.0,6.0,BENIGN
8680595,7,7,50,11601,20,4380,0,0,7.142857143,1657.285714,DDoS
73627199,7,10,11613,68,5840,20,0,0,1659.0,6.8,BENIGN
1832879,3,6,26,11607,20,7215,0,0,8.666666667,1934.5,DDoS
1,2,0,12,0,6,0,6,0,6.0,0.0,BENIGN
1769204,3,6,26,11601,20,5840,0,0,8.666666667,1933.5,DDoS
74071,3,4,26,11601,20,8760,0,0,8.666666667,2900.25,DDoS
11958806,5,0,30,0,6,0,6,0,6.0,0.0,DDoS
10199,3,1,38,6,38,6,0,6,12.66666667,6.0,BENIGN
65,1,1,6,6,6,6,6,6,6.0,6.0,BENIGN
74415262,7,10,11607,68,5840,20,0,0,1658.142857,6.8,BENIGN
6612838,5,0,30,0,6,0,6,0,6.0,0.0,DDoS
7723787,5,0,30,0,6,0,6,0,6.0,0.0,DDoS
617738,2,6,20,11601,20,5840,0,0,10.0,1933.5,DDoS
1893001,4,0,24,0,6,0,6,0,6.0,0.0,DDoS
1605875,3,6,26,11607,20,4380,0,0,8.666666667,1934.5,DDoS
4293760,1,6,6,36,6,6,6,6,6.0,6.0,BENIGN
52,1,1,6,6,6,6,6,6,6.0,6.0,BENIGN
63897,1,1,0,0,0,0,0,0,0.0,0.0,BENIGN
112036,3,5,26,11607,20,10220,0,0,8.666666667,2321.4,DDoS
46722,3,4,26,11601,20,8760,0,0,8.666666667,2900.25,DDoS
158189,3,5,26,11601,20,4380,0,0,8.666666667,2320.2,DDoS
935810,3,5,26,11607,20,5840,0,0,8.666666667,2321.4,DDoS
4062904,5,0,30,0,6,0,6,0,6.0,0.0,DDoS
262855,3,6,26,11607,20,5840,0,0,8.666666667,1934.5,DDoS
1297659,3,5,26,11601,20,7300,0,0,8.666666667,2320.2,DDoS
78347167,6,9,11613,62,10135,20,0,0,1935.5,6.888888889,BENIGN
82353528,5,10,11607,68,8760,20,0,0,2321.4,6.8,BENIGN
39710,3,6,26,11601,20,4380,0,0,8.666666667,1933.5,DDoS
756071,3,6,26,11607,20,5840,0,0,8.666666667,1934.5,DDoS
6210854,4,0,24,0,6,0,6,0,6.0,0.0,DDoS
97881433,8,6,56,11607,20,5840,0,0,7.0,1934.5,DDoS
79548,3,6,26,11607,20,5840,0,0,8.666666667,1934.5,DDoS
92217507,6,9,11607,62,8675,20,0,0,1934.5,6.888888889,BENIGN
11963579,5,0,30,0,6,0,6,0,6.0,0.0,DDoS
6725645,5,0,30,0,6,0,6,0,6.0,0.0,DDoS
4298654,1,5,6,30,6,6,6,6,6.0,6.0,BENIGN
11569,3,1,18,6,6,6,6,6,6.0,6.0,BENIGN
9196873,6,0,36,0,6,0,6,0,6.0,0.0,DDoS
66589,3,6,26,11601,20,4380,0,0,8.666666667,1933.5,DDoS
85869846,9,5,62,11601,20,5840,0,0,6.888888889,2320.2,DDoS
5936815,3,1,0,0,0,0,0,0,0.0,0.0,BENIGN
331098,3,4,26,11601,20,5840,0,0,8.666666667,2900.25,DDoS
11939676,4,0,24,0,6,0,6,0,6.0,0.0,DDoS
1070728,6,2,192,256,32,128,32,128,32.0,128.0,BENIGN
7122670,1,5,6,30,6,6,6,6,6.0,6.0,BENIGN
42134,3,6,26,11601,20,5840,0,0,8.666666667,1933.5,DDoS
10598400,1,6,6,36,6,6,6,6,6.0,6.0,BENIGN
43,1,1,6,6,6,6,6,6,6.0,6.0,BENIGN
1843146,3,5,26,11607,20,10135,0,0,8.666666667,2321.4,DDoS
1378833,3,6,26,11607,20,5840,0,0,8.666666667,1934.5,DDoS
198752,3,6,26,11607,20,5840,0,0,8.666666667,1934.5,DDoS
56,1,1,0,0,0,0,0,0,0.0,0.0,BENIGN
8995772,4,0,24,0,6,0,6,0,6.0,0.0,DDoS
776999,3,6,26,11607,20,5840,0,0,8.666666667,1934.5,DDoS
237160,3,5,26,11607,20,7300,0,0,8.666666667,2321.4,DDoS
21997,4,0,24,0,6,0,6,0,6.0,0.0,DDoS
67937,3,6,26,11607,20,5840,0,0,8.666666667,1934.5,DDoS
23916,2,2,100,310,50,155,50,155,50.0,155.0,BENIGN
52,1,1,6,6,6,6,6,6,6.0,6.0,BENIGN
131,2,0,0,0,0,0,0,0,0.0,0.0,BENIGN
181296,3,5,26,11607,20,5840,0,0,8.666666667,2321.4,DDoS
77407373,121,174,6250,126467,324,2860,0,0,51.65289256,726.8218391,BENIGN
1786778,3,5,26,11607,20,10135,0,0,8.666666667,2321.4,DDoS
91030610,8,6,56,11607,20,4380,0,0,7.0,1934.5,DDoS
385835,3,4,26,11601,20,8760,0,0,8.666666667,2900.25,DDoS
48131,1,1,42,58,42,58,42,58,42.0,58.0,BENIGN
649326,6,2,11607,26,8675,20,0,6,1934.5,13.0,BENIGN
72708678,6,9,11613,62,5840,20,0,0,1935.5,6.888888889,BENIGN
1279504,3,5,26,11607,20,7215,0,0,8.666666667,2321.4,DDoS
3121722,1,6,6,36,6,6,6,6,6.0,6.0,BENIGN
1287992,4,0,24,0,6,0,6,0,6.0,0.0,DDoS
3335271,1,6,6,36,6,6,6,6,6.0,6.0,BENIGN
3125921,4,5,443,872,437,860,0,0,110.75,174.4,BENIGN
11796680,5,0,30,0,6,0,6,0,6.0,0.0,DDoS
100192752,9,5,62,11601,20,8760,0,0,6.888888889,2320.2,DDoS
914585,2,4,20,11601,20,10220,0,0,10.0,2900.25,DDoS
4420,2,0,12,0,6,0,6,0,6.0,0.0,BENIGN
16366,5,2,11601,26,8760,20,0,6,2320.2,13.0,BENIGN
118578,3,5,26,11601,20,5755,0,0,8.666666667,2320.2,DDoS
43127,3,4,26,11601,20,8760,0,0,8.666666667,2900.25,DDoS
1233595,4,0,24,0,6,0,6,0,6.0,0.0,DDoS
7199433,20,33,402,54478,402,4344,0,0,20.1,1650.848485,BENIGN
222782,3,6,26,11607,20,5840,0,0,8.666666667,1934.5,DDoS
6061847,4,0,24,0,6,0,6,0,6.0,0.0,DDoS
12104727,5,0,30,0,6,0,6,0,6.0,0.0,DDoS
1232791,3,5,26,11607,20,10135,0,0,8.666666667,2321.4,DDoS
225,2,0,12,0,6,0,6,0,6.0,0.0,BENIGN
19443,2,0,6,0,6,0,0,0,3.0,0.0,BENIGN
8050751,4,0,24,0,6,0,6,0,6.0,0.0,DDoS
250,2,2,60,344,30,172,30,172,30.0,172.0,BENIGN
1625191,3,4,26,11607,20,11595,0,0,8.666666667,2901.75,DDoS
7561895,8,9,3525,5368,2077,1448,0,0,440.625,596.4444444,BENIGN
259,2,2,64,158,32,79,32,79,32.0,79.0,BENIGN
2187729,4,0,24,0,6,0,6,0,6.0,0.0,DDoS
210,2,1,37,6,31,6,6,6,18.5,6.0,BENIGN
102204,3,5,26,11601,20,7300,0,0,8.666666667,2320.2,DDoS
2494549,18,17,5439,6949,886,1460,0,0,302.1666667,408.7647059,BENIGN
2989260,4,0,24,0,6,0,6,0,6.0,0.0,DDoS
869784,3,5,26,11607,20,7215,0,0,8.666666667,2321.4,DDoS
268292,2,0,12,0,6,0,6,0,6.0,0.0,BENIGN
1844167,3,4,26,11607,20,11595,0,0,8.666666667,2901.75,DDoS
8206062,5,0,426,0,389,0,0,0,85.2,0.0,BENIGN
11972918,4,0,24,0,6,0,6,0,6.0,0.0,DDoS
177,2,2,46,46,23,23,23,23,23.0,23.0,BENIGN
1280242,3,5,26,11607,20,8675,0,0,8.666666667,2321.4,DDoS
207026,2,2,68,166,34,83,34,83,34.0,83.0,BENIGN
207591,1,1,44,60,44,60,44,60,44.0,60.0,BENIGN
3595918,4,0,24,0,6,0,6,0,6.0,0.0,DDoS
81276371,8,6,56,11601,20,2920,0,0,7.0,1933.5,DDoS
1320341,3,5,26,11607,20,7215,0,0,8.666666667,2321.4,DDoS
276831,3,6,26,11601,20,2920,0,0,8.666666667,1933.5,DDoS
162,2,2,68,100,34,50,34,50,34.0,50.0,BENIGN
97702,1,1,0,0,0,0,0,0,0.0,0.0,BENIGN
627097,3,4,26,11601,20,10135,0,0,8.666666667,2900.25,DDoS
215,2,2,64,258,32,129,32,129,32.0,129.0,BENIGN
86326078,8,6,56,11607,20,5840,0,0,7.0,1934.5,DDoS
619323,3,4,26,11601,20,8760,0,0,8.666666667,2900.25,DDoS
7644817,4,0,24,0,6,0,6,0,6.0,0.0,DDoS
41978,3,4,26,11601,20,8760,0,0,8.666666667,2900.25,DDoS
1563987,4,0,24,0,6,0,6,0,6.0,0.0,DDoS
8958893,1,6,6,36,6,6,6,6,6.0,6.0,BENIGN
10242963,5,0,30,0,6,0,6,0,6.0,0.0,DDoS
3170034,4,0,24,0,6,0,6,0,6.0,0.0,DDoS
488153,3,4,26,11601,20,10135,0,0,8.666666667,2900.25,DDoS
175,2,2,58,314,29,157,29,157,29.0,157.0,BENIGN
520929,3,5,26,11601,20,5840,0,0,8.666666667,2320.2,DDoS
1241813,3,6,26,11601,20,4380,0,0,8.666666667,1933.5,DDoS
4079914,4,0,24,0,6,0,6,0,6.0,0.0,DDoS
4284613,5,1,123,46,46,46,0,46,24.6,46.0,BENIGN
10004773,4,0,24,0,6,0,6,0,6.0,0.0,DDoS
3635273,1,7,6,42,6,6,6,6,6.0,6.0,BENIGN
1229419,3,6,26,11607,20,5840,0,0,8.666666667,1934.5,DDoS
1516033,4,0,24,0,6,0,6,0,6.0,0.0,DDoS
115442738,23,23,748,17394,296,2920,0,0,32.52173913,756.2608696,BENIGN
3870258,1,5,6,30,6,6,6,6,6.0,6.0,BENIGN
704524,3,6,26,11601,20,5840,0,0,8.666666667,1933.5,DDoS
1175663,3,6,26,11607,20,4380,0,0,8.666666667,1934.5,DDoS
21840,3,5,26,11601,20,7300,0,0,8.666666667,2320.2,DDoS
189267,10,5,555,4128,198,3743,0,0,55.5,825.6,BENIGN
51504,1,1,0,0,0,0,0,0,0.0,0.0,BENIGN
56,1,1,0,0,0,0,0,0,0.0,0.0,BENIGN
70319231,8,6,56,11607,20,5840,0,0,7.0,1934.5,DDoS
7599604,4,0,24,0,6,0,6,0,6.0,0.0,DDoS
9838768,4,0,24,0,6,0,6,0,6.0,0.0,DDoS
1540192,3,4,670,422,664,410,0,0,223.3333333,105.5,BENIGN
237,2,2,62,94,31,47,31,47,31.0,47.0,BENIGN
90109,3,6,26,11601,20,4380,0,0,8.666666667,1933.5,DDoS
5917531,1,5,6,30,6,6,6,6,6.0,6.0,BENIGN
1168165,3,6,26,11601,20,4380,0,0,8.666666667,1933.5,DDoS
194,2,2,66,98,33,49,33,49,33.0,49.0,BENIGN
8145770,5,0,30,0,6,0,6,0,6.0,0.0,DDoS
81919721,8,4,56,11601,20,7215,0,0,7.0,2900.25,DDoS
9110621,1,6,6,36,6,6,6,6,6.0,6.0,BENIGN
1638842,4,0,24,0,6,0,6,0,6.0,0.0,DDoS
1832397,3,5,26,11607,20,10135,0,0,8.666666667,2321.4,DDoS
558121,3,4,26,11601,20,5840,0,0,8.666666667,2900.25,DDoS
1980932,5,0,30,0,6,0,6,0,6.0,0.0,DDoS
25312,3,6,26,11607,20,5840,0,0,8.666666667,1934.5,DDoS
50,1,2,0,0,0,0,0,0,0.0,0.0,BENIGN
264,2,2,66,164,33,82,33,82,33.0,82.0,BENIGN
4031991,1,5,1375,24,1375,6,1375,0,1375.0,4.8,BENIGN
767250,3,5,26,11607,20,5840,0,0,8.666666667,2321.4,DDoS
23977130,1,6,6,36,6,6,6,6,6.0,6.0,BENIGN
9924732,4,0,24,0,6,0,6,0,6.0,0.0,DDoS
294629,24,28,1148,57575,517,5840,0,0,47.83333333,2056.25,BENIGN
9826999,1,6,6,36,6,6,6,6,6.0,6.0,BENIGN
11254820,4,0,24,0,6,0,6,0,6.0,0.0,DDoS
95847165,8,5,56,11607,20,10135,0,0,7.0,2321.4,DDoS
1841588,3,5,26,11607,20,10220,0,0,8.666666667,2321.4,DDoS
101389597,8,4,56,11607,20,11595,0,0,7.0,2901.75,DDoS
91851284,7,10,11613,68,4380,20,0,0,1659.0,6.8,BENIGN
779064,3,6,26,11601,20,5840,0,0,8.666666667,1933.5,DDoS
72694857,6,10,11613,68,5840,20,0,0,1935.5,6.8,BENIGN
639391,3,5,26,11607,20,7300,0,0,8.666666667,2321.4,DDoS
80689379,8,5,56,11607,20,10220,0,0,7.0,2321.4,DDoS
7502804,4,0,24,0,6,0,6,0,6.0,0.0,DDoS
551720,3,6,26,11607,20,4380,0,0,8.666666667,1934.5,DDoS
101143117,8,4,56,11601,20,8675,0,0,7.0,2900.25,DDoS
2005965,5,0,30,0,6,0,6,0,6.0,0.0,DDoS
8127927,4,0,24,0,6,0,6,0,6.0,0.0,DDoS
14286,4,3,410,18,303,6,0,6,102.5,6.0,BENIGN
48173,3,4,26,11601,20,7300,0,0,8.666666667,2900.25,DDoS
1091414,8,7,858,6815,514,2920,0,0,107.25,973.5714286,BENIGN
1137602,3,5,26,11607,20,8760,0,0,8.666666667,2321.4,DDoS
4161902,5,0,30,0,6,0,6,0,6.0,0.0,DDoS
86909807,8,4,56,11601,20,8760,0,0,7.0,2900.25,DDoS
10853204,4,0,24,0,6,0,6,0,6.0,0.0,DDoS
31704,3,5,26,11601,20,5840,0,0,8.666666667,2320.2,DDoS
3966529,1,5,6,30,6,6,6,6,6.0,6.0,BENIGN
2155968,4,0,24,0,6,0,6,0,6.0,0.0,DDoS
215,2,2,162,226,81,113,81,113,81.0,113.0,BENIGN
76846322,8,5,56,11607,20,10135,0,0,7.0,2321.4,DDoS
52826388,12,11,1447,594,843,426,0,0,120.5833333,54.0,BENIGN
25493,3,5,26,11601,20,5840,0,0,8.666666667,2320.2,DDoS
1061038,3,5,26,11607,20,7215,0,0,8.666666667,2321.4,DDoS
49929,3,7,26,11601,20,5840,0,0,8.666666667,1657.285714,DDoS
25584,3,4,26,11601,20,10220,0,0,8.666666667,2900.25,DDoS
75010624,8,5,56,11607,20,10135,0,0,7.0,2321.4,DDoS
77391848,6,9,11613,62,8675,20,0,0,1935.5,6.888888889,BENIGN
6602398,4,0,24,0,6,0,6,0,6.0,0.0,DDoS
1048118,3,4,26,11601,20,7300,0,0,8.666666667,2900.25,DDoS
46080,2,2,80,180,40,90,40,90,40.0,90.0,BENIGN
21457,3,4,26,11601,20,8760,0,0,8.666666667,2900.25,DDoS
11888026,1,5,6,30,6,6,6,6,6.0,6.0,BENIGN
36,1,1,6,6,6,6,6,6,6.0,6.0,BENIGN
23346,1,1,44,122,44,122,44,122,44.0,122.0,BENIGN
136,1,1,6,6,6,6,6,6,6.0,6.0,BENIGN
4028662,5,0,30,0,6,0,6,0,6.0,0.0,DDoS
1185604,3,5,26,11607,20,8675,0,0,8.666666667,2321.4,DDoS
63874054,7,2,158,82,45,41,0,41,22.57142857,41.0,BENIGN
39351,6,2,11601,26,5840,20,0,6,1933.5,13.0,BENIGN
158,2,2,46,46,23,23,23,23,23.0,23.0,BENIGN
11492758,4,0,24,0,6,0,6,0,6.0,0.0,DDoS
67,1,2,0,12,0,6,0,6,0.0,6.0,BENIGN
1,2,0,12,0,6,0,6,0,6.0,0.0,BENIGN
3096093,5,0,30,0,6,0,6,0,6.0,0.0,DDoS
1135609,3,4,26,11607,20,11595,0,0,8.666666667,2901.75,DDoS
4,3,0,18,0,6,0,6,0,6.0,0.0,BENIGN
306571,4,0,24,0,6,0,6,0,6.0,0.0,DDoS
7806791,4,0,24,0,6,0,6,0,6.0,0.0,DDoS
156,2,2,66,98,33,49,33,49,33.0,49.0,BENIGN
123,1,1,6,6,6,6,6,6,6.0,6.0,BENIGN
5919383,8,6,402,3542,189,1460,0,0,50.25,590.3333333,BENIGN
78028,3,5,26,11601,20,7300,0,0,8.666666667,2320.2,DDoS
11107110,1,7,6,42,6,6,6,6,6.0,6.0,BENIGN
292508,1,1,6,46,6,46,6,46,6.0,46.0,BENIGN
89230,3,5,26,11607,20,8675,0,0,8.666666667,2321.4,DDoS
82156367,8,5,56,11607,20,5840,0,0,7.0,2321.4,DDoS
10798537,5,0,30,0,6,0,6,0,6.0,0.0,DDoS
177,2,2,70,168,35,84,35,84,35.0,84.0,BENIGN
890987,4,0,24,0,6,0,6,0,6.0,0.0,DDoS
31173,4,2,168,204,42,102,42,102,42.0,102.0,BENIGN
3124866,5,0,30,0,6,0,6,0,6.0,0.0,DDoS
8931922,1,6,6,36,6,6,6,6,6.0,6.0,BENIGN
6301238,1,6,6,36,6,6,6,6,6.0,6.0,BENIGN
23136909,8,7,892,3560,431,1774,0,0,111.5,508.5714286,BENIGN
33134,3,5,26,11607,20,10135,0,0,8.666666667,2321.4,DDoS
6069707,1,6,6,36,6,6,6,6,6.0,6.0,BENIGN
866646,6,1,11601,20,4380,20,0,20,1933.5,20.0,BENIGN
5599414,9,9,385,3015,198,1432,0,0,42.77777778,335.0,BENIGN
1879791,3,5,26,11607,20,10135,0,0,8.666666667,2321.4,DDoS
1238615,5,2,11607,26,11595,20,0,6,2321.4,13.0,BENIGN
30640,2,2,84,204,42,102,42,102,42.0,102.0,BENIGN
6895834,5,0,30,0,6,0,6,0,6.0,0.0,DDoS
8641005,4,0,24,0,6,0,6,0,6.0,0.0,DDoS
5325371,1,5,6,30,6,6,6,6,6.0,6.0,BENIGN
327425,3,6,26,11601,20,7300,0,0,8.666666667,1933.5,DDoS
7769305,5,0,30,0,6,0,6,0,6.0,0.0,DDoS
3404972,4,0,24,0,6,0,6,0,6.0,0.0,DDoS
254,2,2,80,216,40,108,40,108,40.0,108.0,BENIGN
99063675,8,4,56,11601,20,8760,0,0,7.0,2900.25,DDoS
1851613,3,6,26,11607,20,4380,0,0,8.666666667,1934.5,DDoS
10054773,6,0,36,0,6,0,6,0,6.0,0.0,DDoS
25851,4,4,184,696,46,174,46,174,46.0,174.0,BENIGN
6144872,4,0,24,0,6,0,6,0,6.0,0.0,DDoS
72018178,9,4,62,11607,20,11595,0,0,6.888888889,2901.75,DDoS
30623,3,5,26,11607,20,10135,0,0,8.666666667,2321.4,DDoS
3774598,5,0,30,0,6,0,6,0,6.0,0.0,DDoS
1058990,5,0,30,0,6,0,6,0,6.0,0.0,DDoS
39322672,15,7,4458,1834,630,262,6,262,297.2,262.0,BENIGN
8049237,4,0,24,0,6,0,6,0,6.0,0.0,DDoS
9278888,5,0,30,0,6,0,6,0,6.0,0.0,DDoS
129871,20,24,176,426,43,52,0,0,8.8,17.75,BENIGN
52439,3,6,26,11607,20,5840,0,0,8.666666667,1934.5,DDoS
157837,3,6,26,11607,20,4380,0,0,8.666666667,1934.5,DDoS
80182815,8,5,56,11607,20,7215,0,0,7.0,2321.4,DDoS
161,2,2,66,98,33,49,33,49,33.0,49.0,BENIGN
73398772,8,5,56,11601,20,5840,0,0,7.0,2320.2,DDoS
11856670,4,0,24,0,6,0,6,0,6.0,0.0,DDoS
624801,3,5,26,11607,20,5840,0,0,8.666666667,2321.4,DDoS
1849136,3,6,26,11601,20,4380,0,0,8.666666667,1933.5,DDoS
38389668,2,2,149,276,101,143,48,133,74.5,138.0,BENIGN
147,2,0,12,0,6,0,6,0,6.0,0.0,BENIGN
4668910,4,0,24,0,6,0,6,0,6.0,0.0,DDoS
158,2,2,46,46,23,23,23,23,23.0,23.0,BENIGN
5551676,4,0,24,0,6,0,6,0,6.0,0.0,DDoS
1122277,2,2,60,344,30,172,30,172,30.0,172.0,BENIGN
80,1,2,6,12,6,6,6,6,6.0,6.0,BENIGN
20660847,11,9,1541,3956,577,1496,0,2,140.0909091,439.5555556,BENIGN
11232686,4,0,24,0,6,0,6,0,6.0,0.0,DDoS
1251548,3,5,26,11607,20,5840,0,0,8.666666667,2321.4,DDoS
51972,3,5,26,11601,20,7300,0,0,8.666666667,2320.2,DDoS
3841497,1,5,1375,24,1375,6,1375,0,1375.0,4.8,BENIGN
217393,3,5,26,11607,20,7215,0,0,8.666666667,2321.4,DDoS
1362845,3,5,26,11607,20,5840,0,0,8.666666667,2321.4,DDoS
5859321,4,0,24,0,6,0,6,0,6.0,0.0,DDoS
2041590,1,6,6,36,6,6,6,6,6.0,6.0,BENIGN
186,2,2,62,94,31,47,31,47,31.0,47.0,BENIGN
2737778,1,5,6,30,6,6,6,6,6.0,6.0,BENIGN
87508716,7,9,11613,62,5840,20,0,0,1659.0,6.888888889,BENIGN
22451970,1,6,1375,30,1375,6,1375,0,1375.0,5.0,BENIGN
97102,3,6,26,11601,20,4380,0,0,8.666666667,1933.5,DDoS
8234202,4,0,24,0,6,0,6,0,6.0,0.0,DDoS
195,2,2,76,332,38,166,38,166,38.0,166.0,BENIGN
6005907,1,6,6,36,6,6,6,6,6.0,6.0,BENIGN
15868,2,0,12,0,6,0,6,0,6.0,0.0,DDoS
49945,4,2,208,234,52,117,52,117,52.0,117.0,BENIGN
60389,1,1,40,104,40,104,40,104,40.0,104.0,BENIGN
30885,4,2,136,262,34,131,34,131,34.0,131.0,BENIGN
18840,3,6,26,11607,20,5840,0,0,8.666666667,1934.5,DDoS
205,2,2,64,204,32,102,32,102,32.0,102.0,BENIGN
117716,2,0,12,0,6,0,6,0,6.0,0.0,BENIGN
2012971,5,0,30,0,6,0,6,0,6.0,0.0,DDoS
23694,2,2,68,158,34,79,34,79,34.0,79.0,BENIGN
10124107,4,0,24,0,6,0,6,0,6.0,0.0,DDoS
75046715,8,4,56,11601,20,8760,0,0,7.0,2900.25,DDoS
2286964,5,0,30,0,6,0,6,0,6.0,0.0,DDoS
183,2,2,74,154,37,77,37,77,37.0,77.0,BENIGN
57241,7,2,11607,26,5840,20,0,6,1658.142857,13.0,BENIGN
315826,3,5,26,11607,20,10135,0,0,8.666666667,2321.4,DDoS
1618792,3,6,26,11607,20,4380,0,0,8.666666667,1934.5,DDoS
8199800,5,0,30,0,6,0,6,0,6.0,0.0,DDoS
107,1,3,6,18,6,6,6,6,6.0,6.0,BENIGN
165325,8,10,542,4131,189,2255,0,0,67.75,413.1,BENIGN
749853,3,4,26,11601,20,10135,0,0,8.666666667,2900.25,DDoS
7498776,4,0,24,0,6,0,6,0,6.0,0.0,DDoS
7113376,1,5,1375,24,1375,6,1375,0,1375.0,4.8,BENIGN
418,1,1,52,80,52,80,52,80,52.0,80.0,BENIGN
110984,1,1,48,105,48,105,48,105,48.0,105.0,BENIGN
748543,3,4,26,11601,20,8760,0,0,8.666666667,2900.25,DDoS
10920725,5,0,30,0,6,0,6,0,6.0,0.0,DDoS
1669854,7,2,11601,26,4380,20,0,6,1657.285714,13.0,BENIGN
154,1,1,6,6,6,6,6,6,6.0,6.0,BENIGN
5463516,4,0,24,0,6,0,6,0,6.0,0.0,DDoS
5287440,4,2,18,0,6,0,0,0,4.5,0.0,BENIGN
97886629,8,4,56,11607,20,11595,0,0,7.0,2901.75,DDoS
4605994,1,5,6,30,6,6,6,6,6.0,6.0,BENIGN
261,2,2,64,258,32,129,32,129,32.0,129.0,BENIGN
51054,5,0,30,0,6,0,6,0,6.0,0.0,DDoS
5849260,1,7,6,42,6,6,6,6,6.0,6.0,BENIGN
72864993,8,4,56,11601,20,10135,0,0,7.0,2900.25,DDoS
707114,3,5,26,11607,20,10135,0,0,8.666666667,2321.4,DDoS
1301148,3,4,26,11601,20,5840,0,0,8.666666667,2900.25,DDoS
9770438,6,0,36,0,6,0,6,0,6.0,0.0,DDoS
1791497,3,6,26,11601,20,5840,0,0,8.666666667,1933.5,DDoS
4059915,5,0,30,0,6,0,6,0,6.0,0.0,DDoS
819631,3,4,26,11601,20,8760,0,0,8.666666667,2900.25,DDoS
852463,4,2,128,438,32,219,32,219,32.0,219.0,BENIGN
109912,3,6,26,11607,20,4380,0,0,8.666666667,1934.5,DDoS
424035,3,4,602,696,602,696,0,0,200.6666667,174.0,BENIGN
5013859,5,0,30,0,6,0,6,0,6.0,0.0,DDoS
56,1,1,0,0,0,0,0,0,0.0,0.0,BENIGN
302,2,2,70,264,35,132,35,132,35.0,132.0,BENIGN
24486576,6,6,448,2064,424,2052,0,0,74.66666667,344.0,BENIGN
69616526,72,128,1356,165767,216,2860,0,0,18.83333333,1295.054687,BENIGN
84955,3,4,26,11607,20,11595,0,0,8.666666667,2901.75,DDoS
98652140,8,4,56,11601,20,8760,0,0,7.0,2900.25,DDoS
1803652,3,5,26,11601,20,7215,0,0,8.666666667,2320.2,DDoS
40686,3,6,26,11601,20,4380,0,0,8.666666667,1933.5,DDoS
904301,3,5,26,11601,20,4380,0,0,8.666666667,2320.2,DDoS
4785267,4,0,24,0,6,0,6,0,6.0,0.0,DDoS
60634,2,2,76,108,38,54,38,54,38.0,54.0,BENIGN
1535130,6,0,36,0,6,0,6,0,6.0,0.0,DDoS
177,2,2,80,112,40,56,40,56,40.0,56.0,BENIGN
124619,2,2,60,344,30,172,30,172,30.0,172.0,BENIGN
5602015,7,4,617,164,517,152,0,0,88.14285714,41.0,BENIGN
67,1,1,6,6,6,6,6,6,6.0,6.0,BENIGN
1673628,6,2,11601,26,4380,20,0,6,1933.5,13.0,BENIGN
281913,3,5,26,11607,20,8760,0,0,8.666666667,2321.4,DDoS
1315465,3,3,26,11601,20,11595,0,0,8.666666667,3867.0,DDoS
86791580,8,5,56,11607,20,5840,0,0,7.0,2321.4,DDoS
82219832,8,6,56,11601,20,7300,0,0,7.0,1933.5,DDoS
1831347,3,4,26,11607,20,11595,0,0,8.666666667,2901.75,DDoS
1744297,3,6,26,11601,20,7300,0,0,8.666666667,1933.5,DDoS
217,2,2,66,98,33,49,33,49,33.0,49.0,BENIGN
4235462,5,0,30,0,6,0,6,0,6.0,0.0,DDoS
140126,2,2,84,228,42,114,42,114,42.0,114.0,BENIGN
986128,3,6,26,11607,20,5755,0,0,8.666666667,1934.5,DDoS
10059939,7,4,50,11607,20,11595,0,0,7.142857143,2901.75,DDoS
188244,1,1,43,107,43,107,43,107,43.0,107.0,BENIGN
81487259,5,9,11613,62,11595,20,0,0,2322.6,6.888888889,BENIGN
92717,3,4,26,11601,20,8760,0,0,8.666666667,2900.25,DDoS
81637658,8,4,56,11601,20,8760,0,0,7.0,2900.25,DDoS
649798,3,4,26,11601,20,8760,0,0,8.666666667,2900.25,DDoS
56,1,1,0,0,0,0,0,0,0.0,0.0,BENIGN
159,2,2,76,132,38,66,38,66,38.0,66.0,BENIGN
155440,2,0,12,0,6,0,6,0,6.0,0.0,BENIGN
24012,1,1,46,174,46,174,46,174,46.0,174.0,BENIGN
7256787,4,0,24,0,6,0,6,0,6.0,0.0,DDoS
743442,3,6,26,11607,20,5840,0,0,8.666666667,1934.5,DDoS
192,2,2,74,106,37,53,37,53,37.0,53.0,BENIGN
1723776,3,6,26,11601,20,2920,0,0,8.666666667,1933.5,DDoS
51453,2,2,96,152,48,76,48,76,48.0,76.0,BENIGN
3329,2,1,12,6,6,6,6,6,6.0,6.0,BENIGN
117431,3,5,26,11607,20,10135,0,0,8.666666667,2321.4,DDoS
78495006,7,9,11607,62,5840,20,0,0,1658.142857,6.888888889,BENIGN
177,2,2,330,330,165,165,165,165,165.0,165.0,BENIGN
83472,1,1,67,155,67,155,67,155,67.0,155.0,BENIGN
72241137,8,4,56,11601,20,8760,0,0,7.0,2900.25,DDoS
8476768,4,0,24,0,6,0,6,0,6.0,0.0,DDoS
11660723,4,0,24,0,6,0,6,0,6.0,0.0,DDoS
648995,3,6,26,11607,20,4380,0,0,8.666666667,1934.5,DDoS
546446,2,2,60,190,30,95,30,95,30.0,95.0,BENIGN
1671995,5,0,30,0,6,0,6,0,6.0,0.0,DDoS
85,1,1,6,6,6,6,6,6,6.0,6.0,BENIGN
2091340,1,5,6,30,6,6,6,6,6.0,6.0,BENIGN
49,2,0,12,0,6,0,6,0,6.0,0.0,BENIGN
380,2,0,0,0,0,0,0,0,0.0,0.0,BENIGN
78403462,7,9,11613,62,4380,20,0,0,1659.0,6.888888889,BENIGN
168247,1,1,41,143,41,143,41,143,41.0,143.0,BENIGN
78502717,8,5,56,11607,20,7215,0,0,7.0,2321.4,DDoS
1863093,3,4,26,11601,20,10135,0,0,8.666666667,2900.25,DDoS
3660258,1,5,6,30,6,6,6,6,6.0,6.0,BENIGN
610346,3,5,26,11601,20,4380,0,0,8.666666667,2320.2,DDoS
106637,3,6,26,11607,20,5840,0,0,8.666666667,1934.5,DDoS
72541350,6,9,12982,56,10135,20,0,0,2163.666667,6.222222222,BENIGN
5268185,12,7,599,4093,190,1448,0,0,49.91666667,584.7142857,BENIGN
352044,3,5,26,11607,20,7300,0,0,8.666666667,2321.4,DDoS
45831,5,9,5852,6,2920,6,6,0,1170.4,0.666666667,BENIGN
928621,5,3,11601,26,4380,20,0,0,2320.2,8.666666667,BENIGN
1117,2,2,72,114,36,57,36,57,36.0,57.0,BENIGN
1003938,3,5,26,11607,20,7215,0,0,8.666666667,2321.4,DDoS
1028226,3,6,26,11607,20,4380,0,0,8.666666667,1934.5,DDoS
9338695,1,5,6,30,6,6,6,6,6.0,6.0,BENIGN
135,2,0,0,0,0,0,0,0,0.0,0.0,BENIGN
7266315,1,5,6,30,6,6,6,6,6.0,6.0,BENIGN
876205,3,5,26,11601,20,5755,0,0,8.666666667,2320.2,DDoS
1867834,3,5,26,11607,20,10135,0,0,8.666666667,2321.4,DDoS
314,2,2,64,320,32,160,32,160,32.0,160.0,BENIGN
8041815,4,0,24,0,6,0,6,0,6.0,0.0,DDoS
118374339,176,254,3539,418010,273,4230,0,0,20.10795455,1645.708661,BENIGN
67,2,1,31,6,31,6,0,6,15.5,6.0,BENIGN
10171736,5,0,30,0,6,0,6,0,6.0,0.0,DDoS
48198,1,1,53,69,53,69,53,69,53.0,69.0,BENIGN
97773294,7,10,11613,68,4380,20,0,0,1659.0,6.8,BENIGN
290584,3,4,26,11607,20,11595,0,0,8.666666667,2901.75,DDoS
507940,3,6,26,11601,20,5840,0,0,8.666666667,1933.5,DDoS
5114937,5,0,30,0,6,0,6,0,6.0,0.0,DDoS
213052,2,0,12,0,6,0,6,0,6.0,0.0,BENIGN
76918585,8,4,56,11601,20,8760,0,0,7.0,2900.25,DDoS
261,2,2,64,204,32,102,32,102,32.0,102.0,BENIGN
7406860,4,0,24,0,6,0,6,0,6.0,0.0,DDoS
243677,14,12,529,14174,192,3974,0,0,37.78571429,1181.166667,BENIGN
710674,3,5,26,11607,20,8675,0,0,8.666666667,2321.4,DDoS
61008,2,2,64,140,32,70,32,70,32.0,70.0,BENIGN
101865238,6,9,12982,56,8760,20,0,0,2163.666667,6.222222222,BENIGN
67,1,1,6,6,6,6,6,6,6.0,6.0,BENIGN
1302062,3,5,26,11607,20,7215,0,0,8.666666667,2321.4,DDoS
24139343,4,0,24,0,6,0,6,0,6.0,0.0,DDoS
1879400,1,5,6,30,6,6,6,6,6.0,6.0,BENIGN
60342,1,1,40,130,40,130,40,130,40.0,130.0,BENIGN
218,3,1,43,6,31,6,6,6,14.33333333,6.0,BENIGN
5233829,5,2,135,52,46,46,6,6,27.0,26.0,BENIGN
139,2,2,80,202,40,101,40,101,40.0,101.0,BENIGN
63,3,0,18,0,6,0,6,0,6.0,0.0,BENIGN
7137242,7,4,50,11601,20,5840,0,0,7.142857143,2900.25,DDoS
67,2,1,31,6,31,6,0,6,15.5,6.0,BENIGN
863105,3,6,26,11607,20,5840,0,0,8.666666667,1934.5,DDoS
196697,3,6,26,11601,20,4380,0,0,8.666666667,1933.5,DDoS
5465340,1,5,6,30,6,6,6,6,6.0,6.0,BENIGN
7844283,5,0,30,0,6,0,6,0,6.0,0.0,DDoS
112327,3,4,26,11601,20,8675,0,0,8.666666667,2900.25,DDoS
9292816,5,0,30,0,6,0,6,0,6.0,0.0,DDoS
86276561,6,9,11613,62,7215,20,0,0,1935.5,6.888888889,BENIGN
647288,3,6,26,11601,20,5840,0,0,8.666666667,1933.5,DDoS
5593573,8,5,390,3716,209,1992,0,0,48.75,743.2,BENIGN
8278736,1,5,6,30,6,6,6,6,6.0,6.0,BENIGN
6075372,5,0,30,0,6,0,6,0,6.0,0.0,DDoS
23038,1,1,44,120,44,120,44,120,44.0,120.0,BENIGN
1299411,3,6,26,11607,20,7300,0,0,8.666666667,1934.5,DDoS
4033969,5,0,30,0,6,0,6,0,6.0,0.0,DDoS
118731054,20,20,2152,4766,484,1410,0,0,107.6,238.3,BENIGN
870054,3,6,26,11607,20,5840,0,0,8.666666667,1934.5,DDoS
241678,3,4,26,11601,20,10220,0,0,8.666666667,2900.25,DDoS
86276366,5,9,11613,62,11595,20,0,0,2322.6,6.888888889,BENIGN
24414,2,2,78,272,39,136,39,136,39.0,136.0,BENIGN
29688,3,5,26,11601,20,7300,0,0,8.666666667,2320.2,DDoS
11748391,4,0,24,0,6,0,6,0,6.0,0.0,DDoS
9623745,5,0,30,0,6,0,6,0,6.0,0.0,DDoS
22913393,5,0,30,0,6,0,6,0,6.0,0.0,DDoS
844555,3,7,26,11607,20,4295,0,0,8.666666667,1658.142857,DDoS
173,2,0,12,0,6,0,6,0,6.0,0.0,BENIGN
833341,3,7,26,11601,20,4380,0,0,8.666666667,1657.285714,DDoS
183,2,2,76,108,38,54,38,54,38.0,54.0,BENIGN
61497,4,2,124,318,31,159,31,159,31.0,159.0,BENIGN
82610773,8,6,56,11607,20,4380,0,0,7.0,1934.5,DDoS
186923,3,4,26,11601,20,8760,0,0,8.666666667,2900.25,DDoS
2598831,5,0,30,0,6,0,6,0,6.0,0.0,DDoS
189,2,2,138,202,69,101,69,101,69.0,101.0,BENIGN
11498659,1,5,6,30,6,6,6,6,6.0,6.0,BENIGN
34794191,7,7,454,1818,424,1806,0,0,64.85714286,259.7142857,BENIGN
22028838,4,0,24,0,6,0,6,0,6.0,0.0,DDoS
117458590,18,19,1218,5829,329,1430,0,0,67.66666667,306.7894737,BENIGN
72654474,8,6,56,11607,20,5840,0,0,7.0,1934.5,DDoS
81397,3,6,26,11607,20,5840,0,0,8.666666667,1934.5,DDoS
80375139,8,4,56,11601,20,10220,0,0,7.0,2900.25,DDoS
23729,1,1,51,131,51,131,51,131,51.0,131.0,BENIGN
1454607,3,4,26,11607,20,11595,0,0,8.666666667,2901.75,DDoS
3621907,5,0,30,0,6,0,6,0,6.0,0.0,DDoS
1543608,33,38,2610,7038,408,976,0,0,79.09090909,185.2105263,BENIGN
1875891,3,4,26,11601,20,8760,0,0,8.666666667,2900.25,DDoS
4,2,0,0,0,0,0,0,0,0.0,0.0,BENIGN
71302624,9,5,62,11601,20,4380,0,0,6.888888889,2320.2,DDoS
6081873,4,0,24,0,6,0,6,0,6.0,0.0,DDoS
888814,7,2,11607,26,5840,20,0,6,1658.142857,13.0,BENIGN
384131,27,27,913,44201,201,4380,0,0,33.81481481,1637.074074,BENIGN
17682,3,0,0,0,0,0,0,0,0.0,0.0,BENIGN
117606338,19,15,1592,4303,969,1418,0,0,83.78947368,286.8666667,BENIGN
5129877,4,0,24,0,6,0,6,0,6.0,0.0,DDoS
759309,3,5,26,11607,20,10135,0,0,8.666666667,2321.4,DDoS
3393027,4,0,24,0,6,0,6,0,6.0,0.0,DDoS
94691771,6,10,11613,68,7300,20,0,0,1935.5,6.8,BENIGN
77270,4,2,172,198,43,99,43,99,43.0,99.0,BENIGN
84299403,8,4,56,11607,20,11595,0,0,7.0,2901.75,DDoS
276,2,2,66,98,33,49,33,49,33.0,49.0,BENIGN
8748816,4,0,24,0,6,0,6,0,6.0,0.0,DDoS
62384363,21,26,1996,6156,383,1430,0,0,95.04761905,236.7692308,BENIGN
177303,3,4,26,11607,20,11595,0,0,8.666666667,2901.75,DDoS
7769806,5,0,30,0,6,0,6,0,6.0,0.0,DDoS
81221780,8,5,56,11607,20,10135,0,0,7.0,2321.4,DDoS
83333,3,5,26,11601,20,5840,0,0,8.666666667,2320.2,DDoS
221265,3,5,26,11607,20,5840,0,0,8.666666667,2321.4,DDoS
100826772,7,9,11613,62,4380,20,0,0,1659.0,6.888888889,BENIGN
9534505,4,0,24,0,6,0,6,0,6.0,0.0,DDoS
7813812,4,0,24,0,6,0,6,0,6.0,0.0,DDoS
252957,1,1,41,101,41,101,41,101,41.0,101.0,BENIGN
9826975,1,6,6,36,6,6,6,6,6.0,6.0,BENIGN
3574431,4,0,24,0,6,0,6,0,6.0,0.0,DDoS
8681328,6,8,11607,56,5840,20,0,0,1934.5,7.0,BENIGN
94479033,8,7,56,11601,20,4380,0,0,7.0,1657.285714,DDoS
95846078,8,5,56,11607,20,5840,0,0,7.0,2321.4,DDoS
1850940,6,1,11601,20,8760,20,0,20,1933.5,20.0,BENIGN
141,2,2,64,96,32,48,32,48,32.0,48.0,BENIGN
8978772,5,0,30,0,6,0,6,0,6.0,0.0,DDoS
96756639,7,9,11607,62,2920,20,0,0,1658.142857,6.888888889,BENIGN
203,2,2,76,428,38,214,38,214,38.0,214.0,BENIGN
49679,4,2,128,120,32,60,32,60,32.0,60.0,BENIGN
48,2,0,12,0,6,0,6,0,6.0,0.0,BENIGN
113496,3,4,26,11601,20,8760,0,0,8.666666667,2900.25,DDoS
233,2,2,64,258,32,129,32,129,32.0,129.0,BENIGN
95776571,8,9,11607,62,2920,20,0,0,1450.875,6.888888889,BENIGN
4317919,1,5,6,30,6,6,6,6,6.0,6.0,BENIGN
14181,1,1,6,6,6,6,6,6,6.0,6.0,BENIGN
208133,2,4,20,11601,20,8760,0,0,10.0,2900.25,DDoS
1794591,3,5,26,11607,20,10135,0,0,8.666666667,2321.4,DDoS
30690,2,2,80,210,40,105,40,105,40.0,105.0,BENIGN
36119,3,4,26,11601,20,8760,0,0,8.666666667,2900.25,DDoS
1867968,5,0,30,0,6,0,6,0,6.0,0.0,DDoS
1332970,5,0,30,0,6,0,6,0,6.0,0.0,DDoS
10121784,5,0,30,0,6,0,6,0,6.0,0.0,DDoS
5987865,4,0,24,0,6,0,6,0,6.0,0.0,DDoS
896702,3,6,26,11607,20,4380,0,0,8.666666667,1934.5,DDoS
8292852,5,0,30,0,6,0,6,0,6.0,0.0,DDoS
1435572,3,6,26,11607,20,4380,0,0,8.666666667,1934.5,DDoS
12888639,5,0,30,0,6,0,6,0,6.0,0.0,DDoS
177,2,2,72,168,36,84,36,84,36.0,84.0,BENIGN
34325,5,2,11601,26,8760,20,0,6,2320.2,13.0,BENIGN
532144,3,6,26,11601,20,7300,0,0,8.666666667,1933.5,DDoS
95635948,8,5,56,11607,20,10135,0,0,7.0,2321.4,DDoS
10244667,4,0,24,0,6,0,6,0,6.0,0.0,DDoS
1737910,3,6,26,11607,20,4380,0,0,8.666666667,1934.5,DDoS
7618873,4,0,24,0,6,0,6,0,6.0,0.0,DDoS
1342718,7,2,11607,26,4380,20,0,6,1658.142857,13.0,BENIGN
579107,3,5,26,11607,20,8675,0,0,8.666666667,2321.4,DDoS
1352630,3,5,26,11601,20,7300,0,0,8.666666667,2320.2,DDoS
81926023,8,4,56,11607,20,11595,0,0,7.0,2901.75,DDoS
11800645,4,0,24,0,6,0,6,0,6.0,0.0,DDoS
4209533,5,1,135,46,46,46,6,46,27.0,46.0,BENIGN
2024426,4,0,24,0,6,0,6,0,6.0,0.0,DDoS
5129849,4,0,24,0,6,0,6,0,6.0,0.0,DDoS
10648785,4,0,24,0,6,0,6,0,6.0,0.0,DDoS
1044606,3,6,26,11607,20,5755,0,0,8.666666667,1934.5,DDoS
785278,3,5,26,11607,20,5840,0,0,8.666666667,2321.4,DDoS
23989,2,2,138,294,69,147,69,147,69.0,147.0,BENIGN
173,2,2,84,116,42,58,42,58,42.0,58.0,BENIGN
1271752,3,5,26,11607,20,10135,0,0,8.666666667,2321.4,DDoS
88604764,9,6,62,11607,20,5840,0,0,6.888888889,1934.5,DDoS
93463,3,6,26,11607,20,4380,0,0,8.666666667,1934.5,DDoS
3339968,4,0,24,0,6,0,6,0,6.0,0.0,DDoS
71280109,9,5,62,11607,20,7215,0,0,6.888888889,2321.4,DDoS
10981719,5,0,30,0,6,0,6,0,6.0,0.0,DDoS
214840,4,2,148,262,37,131,37,131,37.0,131.0,BENIGN
81900797,8,10,11607,68,4380,20,0,0,1450.875,6.8,BENIGN
4108756,5,1,123,46,46,46,0,46,24.6,46.0,BENIGN
57,3,1,43,6,31,6,6,6,14.33333333,6.0,BENIGN
30625,1,1,46,74,46,74,46,74,46.0,74.0,BENIGN
426860,3,5,26,11607,20,7300,0,0,8.666666667,2321.4,DDoS
33538,3,4,26,11601,20,8675,0,0,8.666666667,2900.25,DDoS
219,2,2,66,98,33,49,33,49,33.0,49.0,BENIGN
1512117,4,0,24,0,6,0,6,0,6.0,0.0,DDoS
38028,5,0,30,0,6,0,6,0,6.0,0.0,DDoS
5077009,3,1,0,0,0,0,0,0,0.0,0.0,BENIGN
60597,1,1,56,132,56,132,56,132,56.0,132.0,BENIGN
895619,3,6,26,11601,20,4380,0,0,8.666666667,1933.5,DDoS
99240863,8,4,56,11601,20,8675,0,0,7.0,2900.25,DDoS
78492859,6,9,11607,62,8760,20,0,0,1934.5,6.888888889,BENIGN
4253,2,0,12,0,6,0,6,0,6.0,0.0,BENIGN
80909933,8,5,56,11601,20,5840,0,0,7.0,2320.2,DDoS
78560196,6,10,11607,68,7300,20,0,0,1934.5,6.8,BENIGN
10471691,5,0,30,0,6,0,6,0,6.0,0.0,DDoS
194,2,2,88,200,44,100,44,100,44.0,100.0,BENIGN
1508332,3,5,26,11607,20,10135,0,0,8.666666667,2321.4,DDoS
8122798,5,0,30,0,6,0,6,0,6.0,0.0,DDoS
31056,6,2,11607,26,5840,20,0,6,1934.5,13.0,BENIGN
5236798,9,10,840,7201,489,2920,0,0,93.33333333,720.1,BENIGN
8936250,1,5,6,30,6,6,6,6,6.0,6.0,BENIGN
5892966,3,1,0,0,0,0,0,0,0.0,0.0,BENIGN
9110541,5,0,30,0,6,0,6,0,6.0,0.0,DDoS
186,2,2,80,202,40,101,40,101,40.0,101.0,BENIGN
10926865,4,0,24,0,6,0,6,0,6.0,0.0,DDoS
3979080,4,0,24,0,6,0,6,0,6.0,0.0,DDoS
1811991,3,4,26,11601,20,7215,0,0,8.666666667,2900.25,DDoS
43,1,1,6,6,6,6,6,6,6.0,6.0,BENIGN
169336,4,2,132,98,33,49,33,49,33.0,49.0,BENIGN
84878998,8,3,56,11601,20,11595,0,0,7.0,3867.0,DDoS
1343998,4,0,24,0,6,0,6,0,6.0,0.0,DDoS
92179146,8,5,56,11601,20,5840,0,0,7.0,2320.2,DDoS
60920,4,2,108,86,27,43,27,43,27.0,43.0,BENIGN
91251,3,6,26,11607,20,5840,0,0,8.666666667,1934.5,DDoS
1058028,3,4,26,11607,20,11595,0,0,8.666666667,2901.75,DDoS
6726314,4,0,24,0,6,0,6,0,6.0,0.0,DDoS
118254787,80,107,5947,149309,410,4380,0,0,74.3375,1395.411215,BENIGN
458666,3,5,26,11607,20,7300,0,0,8.666666667,2321.4,DDoS
508434,2,5,20,11601,20,5840,0,0,10.0,2320.2,DDoS
110445,3,5,26,11607,20,10135,0,0,8.666666667,2321.4,DDoS
77978,3,5,26,11601,20,7300,0,0,8.666666667,2320.2,DDoS
746125,3,6,26,11601,20,4380,0,0,8.666666667,1933.5,DDoS
1309350,3,6,26,11601,20,5755,0,0,8.666666667,1933.5,DDoS
13753729,25,31,1989,16763,719,1696,0,0,79.56,540.7419355,BENIGN
160,2,2,66,122,33,61,33,61,33.0,61.0,BENIGN
5283335,1,5,6,30,6,6,6,6,6.0,6.0,BENIGN
381000,3,4,26,11607,20,11595,0,0,8.666666667,2901.75,DDoS
1793381,3,6,26,11601,20,4380,0,0,8.666666667,1933.5,DDoS
1007244,8,2,11607,26,4380,20,0,6,1450.875,13.0,BENIGN
7213839,5,0,30,0,6,0,6,0,6.0,0.0,DDoS
70939691,5,9,11607,62,8760,20,0,0,2321.4,6.888888889,BENIGN
170,2,2,60,92,30,46,30,46,30.0,46.0,BENIGN
88575101,6,10,11613,68,7215,20,0,0,1935.5,6.8,BENIGN
74819926,9,4,62,11601,20,7215,0,0,6.888888889,2900.25,DDoS
213154,3,5,26,11601,20,5840,0,0,8.666666667,2320.2,DDoS
49158,3,4,26,11601,20,10135,0,0,8.666666667,2900.25,DDoS
3334124,3,1,65,6,53,6,6,6,21.66666667,6.0,BENIGN
1201362,3,6,26,11601,20,4380,0,0,8.666666667,1933.5,DDoS
1034955,1,1,42,193,42,193,42,193,42.0,193.0,BENIGN
3839614,1,5,1375,24,1375,6,1375,0,1375.0,4.8,BENIGN
1308193,3,4,26,11607,20,11595,0,0,8.666666667,2901.75,DDoS
81595733,8,5,56,11601,20,8760,0,0,7.0,2320.2,DDoS
37,2,1,12,6,6,6,6,6,6.0,6.0,DDoS
78,2,0,12,0,6,0,6,0,6.0,0.0,BENIGN
7913803,4,0,24,0,6,0,6,0,6.0,0.0,DDoS
4188896,4,0,24,0,6,0,6,0,6.0,0.0,DDoS
195,2,2,94,350,47,175,47,175,47.0,175.0,BENIGN
4053078,5,0,30,0,6,0,6,0,6.0,0.0,DDoS
93231,2,4,20,11601,20,8760,0,0,10.0,2900.25,DDoS
98111050,9,4,62,11601,20,7215,0,0,6.888888889,2900.25,DDoS
24058,2,2,68,422,34,211,34,211,34.0,211.0,BENIGN
2020910,5,0,30,0,6,0,6,0,6.0,0.0,DDoS
174,2,2,58,90,29,45,29,45,29.0,45.0,BENIGN
7261781,5,0,30,0,6,0,6,0,6.0,0.0,DDoS
53,1,1,6,6,6,6,6,6,6.0,6.0,BENIGN
595366,3,4,26,11601,20,8760,0,0,8.666666667,2900.25,DDoS
1482003,4,0,24,0,6,0,6,0,6.0,0.0,DDoS
231,2,0,0,0,0,0,0,0,0.0,0.0,BENIGN
60472821,9,9,240,251,240,251,0,0,26.66666667,27.88888889,BENIGN
1,2,0,12,0,6,0,6,0,6.0,0.0,BENIGN
4118507,4,0,24,0,6,0,6,0,6.0,0.0,DDoS
326779,3,6,26,11607,20,5840,0,0,8.666666667,1934.5,DDoS
2537966,5,0,30,0,6,0,6,0,6.0,0.0,DDoS
98537152,8,4,56,11601,20,8760,0,0,7.0,2900.25,DDoS
102308276,9,6,62,11601,20,5840,0,0,6.888888889,1933.5,DDoS
26115,5,0,30,0,6,0,6,0,6.0,0.0,DDoS
11326727,4,0,24,0,6,0,6,0,6.0,0.0,DDoS
59755,1,1,48,80,48,80,48,80,48.0,80.0,BENIGN
146,2,2,66,154,33,77,33,77,33.0,77.0,BENIGN
72202559,7,9,11613,62,5840,20,0,0,1659.0,6.888888889,BENIGN
5653708,3,1,12,0,6,0,0,0,4.0,0.0,BENIGN
174960,3,5,26,11607,20,10135,0,0,8.666666667,2321.4,DDoS
1463401,7,2,11607,26,5755,20,0,6,1658.142857,13.0,BENIGN
23873,3,6,26,11601,20,4380,0,0,8.666666667,1933.5,DDoS
83285196,8,4,56,11601,20,8760,0,0,7.0,2900.25,DDoS
865890,3,6,26,11607,20,5840,0,0,8.666666667,1934.5,DDoS
625122,3,5,26,11601,20,4380,0,0,8.666666667,2320.2,DDoS
288,2,2,66,98,33,49,33,49,33.0,49.0,BENIGN
153,2,2,76,108,38,54,38,54,38.0,54.0,BENIGN
56,1,1,0,0,0,0,0,0,0.0,0.0,BENIGN
549871,2,1,843,6,837,6,6,6,421.5,6.0,BENIGN
23506,2,2,56,226,28,113,28,113,28.0,113.0,BENIGN
136,1,1,6,6,6,6,6,6,6.0,6.0,BENIGN
709817,3,4,26,11607,20,11595,0,0,8.666666667,2901.75,DDoS
80856018,8,4,56,11607,20,11595,0,0,7.0,2901.75,DDoS
184,2,2,64,96,32,48,32,48,32.0,48.0,BENIGN
670471,3,6,26,11601,20,5840,0,0,8.666666667,1933.5,DDoS
4,2,0,124,0,62,0,62,0,62.0,0.0,BENIGN
4084942,5,0,30,0,6,0,6,0,6.0,0.0,DDoS
82487528,8,4,56,11601,20,8760,0,0,7.0,2900.25,DDoS
2,1,2,6,12,6,6,6,6,6.0,6.0,BENIGN
7509915,5,0,30,0,6,0,6,0,6.0,0.0,DDoS
31272,3,6,26,11607,20,4380,0,0,8.666666667,1934.5,DDoS
1755312,3,5,26,11601,20,5840,0,0,8.666666667,2320.2,DDoS
3346091,5,0,30,0,6,0,6,0,6.0,0.0,DDoS
81568464,8,4,56,11607,20,11595,0,0,7.0,2901.75,DDoS
117877504,17,18,1277,4733,604,1460,0,0,75.11764706,262.9444444,BENIGN
23515,1,1,74,90,74,90,74,90,74.0,90.0,BENIGN
1800125,5,2,11607,26,11595,20,0,6,2321.4,13.0,BENIGN
10490743,5,0,30,0,6,0,6,0,6.0,0.0,DDoS
1096678,3,4,26,11601,20,5840,0,0,8.666666667,2900.25,DDoS
8961761,4,0,24,0,6,0,6,0,6.0,0.0,DDoS
161,2,2,78,110,39,55,39,55,39.0,55.0,BENIGN
60438,1,1,55,111,55,111,55,111,55.0,111.0,BENIGN
173,2,2,90,122,45,61,45,61,45.0,61.0,BENIGN
79444801,7,9,11607,62,4380,20,0,0,1658.142857,6.888888889,BENIGN
39981,3,6,26,11601,20,4380,0,0,8.666666667,1933.5,DDoS
101608684,8,4,56,11607,20,11595,0,0,7.0,2901.75,DDoS
76327762,8,4,56,11601,20,8760,0,0,7.0,2900.25,DDoS
777958,6,2,11607,26,10135,20,0,6,1934.5,13.0,BENIGN
60797,4,2,152,258,38,129,38,129,38.0,129.0,BENIGN
73927059,6,9,11613,62,7300,20,0,0,1935.5,6.888888889,BENIGN
1563956,3,4,26,11607,20,11595,0,0,8.666666667,2901.75,DDoS
1127362,3,4,26,11601,20,8760,0,0,8.666666667,2900.25,DDoS
8091806,5,0,30,0,6,0,6,0,6.0,0.0,DDoS
4357609,1,6,6,36,6,6,6,6,6.0,6.0,BENIGN
869453,3,4,26,11607,20,11595,0,0,8.666666667,2901.75,DDoS
185112,3,6,26,11607,20,4380,0,0,8.666666667,1934.5,DDoS
141759,3,6,26,11607,20,4380,0,0,8.666666667,1934.5,DDoS
78910,3,6,26,11607,20,4380,0,0,8.666666667,1934.5,DDoS
64465,3,6,26,11601,20,4380,0,0,8.666666667,1933.5,DDoS
44979,3,4,26,11607,20,11595,0,0,8.666666667,2901.75,DDoS
80309927,8,4,56,11601,20,8760,0,0,7.0,2900.25,DDoS
29503,7,2,11601,26,5840,20,0,6,1657.285714,13.0,BENIGN
2004965,4,0,24,0,6,0,6,0,6.0,0.0,DDoS
22477,3,5,26,11601,20,4380,0,0,8.666666667,2320.2,DDoS
1398657,3,5,26,11607,20,10135,0,0,8.666666667,2321.4,DDoS
148,2,2,82,254,41,127,41,127,41.0,127.0,BENIGN
23091,3,4,26,11601,20,8760,0,0,8.666666667,2900.25,DDoS
136,1,1,6,6,6,6,6,6,6.0,6.0,BENIGN
8332520,62,79,2593,96477,437,2896,0,0,41.82258065,1221.227848,BENIGN
686916,3,5,26,11601,20,7300,0,0,8.666666667,2320.2,DDoS
194,2,2,76,140,38,70,38,70,38.0,70.0,BENIGN
95797,3,6,26,11607,20,5840,0,0,8.666666667,1934.5,DDoS
903066,3,5,26,11601,20,4380,0,0,8.666666667,2320.2,DDoS
415672,3,6,26,11601,20,5840,0,0,8.666666667,1933.5,DDoS
81115,5,0,30,0,6,0,6,0,6.0,0.0,DDoS
377890,2,4,20,11607,20,11595,0,0,10.0,2901.75,DDoS
1739465,4,1,206,0,194,0,0,0,51.5,0.0,BENIGN
2273057,5,0,30,0,6,0,6,0,6.0,0.0,DDoS
6215819,4,0,24,0,6,0,6,0,6.0,0.0,DDoS
617435,3,5,26,11601,20,5840,0,0,8.666666667,2320.2,DDoS
936492,3,6,26,11601,20,4380,0,0,8.666666667,1933.5,DDoS
1782627,3,6,26,11607,20,5840,0,0,8.666666667,1934.5,DDoS
7934320,4,0,24,0,6,0,6,0,6.0,0.0,DDoS
11424692,4,0,24,0,6,0,6,0,6.0,0.0,DDoS
7106140,1,5,6,30,6,6,6,6,6.0,6.0,BENIGN
75623098,2,2,102,214,58,114,44,100,51.0,107.0,BENIGN
205,2,2,64,204,32,102,32,102,32.0,102.0,BENIGN
9487975,4,0,24,0,6,0,6,0,6.0,0.0,DDoS
1366850,4,0,24,0,6,0,6,0,6.0,0.0,DDoS
48778,3,6,26,11607,20,4380,0,0,8.666666667,1934.5,DDoS
91539935,8,6,56,11607,20,5840,0,0,7.0,1934.5,DDoS
82239647,8,5,56,11601,20,4380,0,0,7.0,2320.2,DDoS
263749,3,4,26,11601,20,7300,0,0,8.666666667,2900.25,DDoS
22669097,2,2,121,237,73,125,48,112,60.5,118.5,BENIGN
218,2,2,66,386,33,193,33,193,33.0,193.0,BENIGN
634933,2,4,20,11607,20,11595,0,0,10.0,2901.75,DDoS
2104970,4,0,24,0,6,0,6,0,6.0,0.0,DDoS
1086715,3,5,26,11607,20,7215,0,0,8.666666667,2321.4,DDoS
273908,3,6,26,11601,20,4380,0,0,8.666666667,1933.5,DDoS
6781072,6,0,36,0,6,0,6,0,6.0,0.0,DDoS
199292,1,1,6,6,6,6,6,6,6.0,6.0,BENIGN
1806426,6,2,11601,26,5840,20,0,6,1933.5,13.0,BENIGN
4037594,1,6,6,36,6,6,6,6,6.0,6.0,BENIGN
89432661,8,3,56,11601,20,11595,0,0,7.0,3867.0,DDoS
8079840,4,0,24,0,6,0,6,0,6.0,0.0,DDoS
1681973,5,0,30,0,6,0,6,0,6.0,0.0,DDoS
35,1,1,6,6,6,6,6,6,6.0,6.0,BENIGN
23121,1,1,66,98,66,98,66,98,66.0,98.0,BENIGN
3832892,1,5,6,30,6,6,6,6,6.0,6.0,BENIGN
9998805,1,6,1375,30,1375,6,1375,0,1375.0,5.0,BENIGN
9871240,4,0,24,0,6,0,6,0,6.0,0.0,DDoS
13020,3,5,26,11601,20,4380,0,0,8.666666667,2320.2,DDoS
78328385,8,5,56,11607,20,10220,0,0,7.0,2321.4,DDoS
247340,3,1,12,0,6,0,0,0,4.0,0.0,BENIGN
70414987,8,6,56,11601,20,5840,0,0,7.0,1933.5,DDoS
213,2,2,60,188,30,94,30,94,30.0,94.0,BENIGN
1671919,5,2,11607,26,11595,20,0,6,2321.4,13.0,BENIGN
1590624,35,40,2686,6718,408,976,0,0,76.74285714,167.95,BENIGN
72490,3,4,26,11601,20,8760,0,0,8.666666667,2900.25,DDoS
1798117,3,5,26,11607,20,7300,0,0,8.666666667,2321.4,DDoS
4134935,5,0,30,0,6,0,6,0,6.0,0.0,DDoS
5265670,7,4,599,152,517,152,0,0,85.57142857,38.0,BENIGN
5483883,6,4,611,164,517,152,0,0,101.8333333,41.0,BENIGN
28307,3,7,26,11601,20,4380,0,0,8.666666667,1657.285714,DDoS
94,1,1,6,6,6,6,6,6,6.0,6.0,BENIGN
20801,3,5,26,11601,20,8760,0,0,8.666666667,2320.2,DDoS
158,2,2,66,98,33,49,33,49,33.0,49.0,BENIGN
21267,3,6,26,11601,20,4380,0,0,8.666666667,1933.5,DDoS
9412728,4,0,24,0,6,0,6,0,6.0,0.0,DDoS
590236,4,0,24,0,6,0,6,0,6.0,0.0,DDoS
8005792,5,0,30,0,6,0,6,0,6.0,0.0,DDoS
76335,3,6,26,11607,20,4380,0,0,8.666666667,1934.5,DDoS
173938,1,5,6,30,6,6,6,6,6.0,6.0,BENIGN
9622183,7,9,11607,62,4380,20,0,0,1658.142857,6.888888889,BENIGN
79234,3,5,26,11607,20,5840,0,0,8.666666667,2321.4,DDoS
624813,3,4,26,11601,20,7215,0,0,8.666666667,2900.25,DDoS
9855801,5,0,30,0,6,0,6,0,6.0,0.0,DDoS
261031,9,8,526,4166,198,1430,0,0,58.44444444,520.75,BENIGN
533,3,0,0,0,0,0,0,0,0.0,0.0,BENIGN
3233940,4,0,24,0,6,0,6,0,6.0,0.0,DDoS
20244084,5,4,351,566,351,566,0,0,70.2,141.5,BENIGN
593793,3,4,26,11607,20,11595,0,0,8.666666667,2901.75,DDoS
8733795,5,0,30,0,6,0,6,0,6.0,0.0,DDoS
3394160,5,3,454,802,436,796,0,0,90.8,267.3333333,BENIGN
140,2,2,74,178,37,89,37,89,37.0,89.0,BENIGN
8058789,4,0,24,0,6,0,6,0,6.0,0.0,DDoS
22,1,1,6,6,6,6,6,6,6.0,6.0,BENIGN
94439,3,4,26,11607,20,11595,0,0,8.666666667,2901.75,DDoS
60023,2,2,76,76,38,38,38,38,38.0,38.0,BENIGN
351967,1,1,44,107,44,107,44,107,44.0,107.0,BENIGN
49085,2,2,72,140,36,70,36,70,36.0,70.0,BENIGN
100764290,9,4,62,11607,20,11595,0,0,6.888888889,2901.75,DDoS
8938746,5,0,30,0,6,0,6,0,6.0,0.0,DDoS
9631714,4,0,24,0,6,0,6,0,6.0,0.0,DDoS
1856138,4,0,24,0,6,0,6,0,6.0,0.0,DDoS
1082532,3,6,26,11601,20,5840,0,0,8.666666667,1933.5,DDoS
51,1,1,6,6,6,6,6,6,6.0,6.0,BENIGN
8117083,1,6,6,36,6,6,6,6,6.0,6.0,BENIGN
80694023,8,7,56,11607,20,4380,0,0,7.0,1658.142857,DDoS
701041,5,0,30,0,6,0,6,0,6.0,0.0,DDoS
360204,2,0,12,0,6,0,6,0,6.0,0.0,BENIGN
68,1,2,6,12,6,6,6,6,6.0,6.0,BENIGN
224,2,2,92,124,46,62,46,62,46.0,62.0,BENIGN
145,2,0,0,0,0,0,0,0,0.0,0.0,BENIGN
3132942,4,0,24,0,6,0,6,0,6.0,0.0,DDoS
72529775,8,4,56,11601,20,7215,0,0,7.0,2900.25,DDoS
5978839,4,0,24,0,6,0,6,0,6.0,0.0,DDoS
82203931,8,4,56,11607,20,11595,0,0,7.0,2901.75,DDoS
6065762,4,0,24,0,6,0,6,0,6.0,0.0,DDoS
75076168,8,5,56,11601,20,5840,0,0,7.0,2320.2,DDoS
7591849,5,0,30,0,6,0,6,0,6.0,0.0,DDoS
648220,6,2,11607,26,10135,20,0,6,1934.5,13.0,BENIGN
36178,3,4,26,11601,20,8760,0,0,8.666666667,2900.25,DDoS
702185,3,4,26,11607,20,11595,0,0,8.666666667,2901.75,DDoS
1501090,3,5,26,11607,20,10135,0,0,8.666666667,2321.4,DDoS
74269131,8,6,56,11601,20,4380,0,0,7.0,1933.5,DDoS
4,4,0,121,0,46,0,6,0,30.25,0.0,BENIGN
50962,2,2,82,254,41,127,41,127,41.0,127.0,BENIGN
4853846,5,0,30,0,6,0,6,0,6.0,0.0,DDoS
4,3,0,18,0,6,0,6,0,6.0,0.0,BENIGN
85590,2,2,64,542,32,271,32,271,32.0,271.0,BENIGN
10085103,1,6,6,36,6,6,6,6,6.0,6.0,BENIGN
1769288,3,5,26,11607,20,10135,0,0,8.666666667,2321.4,DDoS
186051,3,6,26,11607,20,5840,0,0,8.666666667,1934.5,DDoS
1761155,3,5,26,11601,20,4380,0,0,8.666666667,2320.2,DDoS
31925,3,4,26,11607,20,11595,0,0,8.666666667,2901.75,DDoS
4,3,0,43,0,31,0,6,0,14.33333333,0.0,BENIGN
9291759,4,0,24,0,6,0,6,0,6.0,0.0,DDoS
10654702,5,0,30,0,6,0,6,0,6.0,0.0,DDoS
5542061,5,0,30,0,6,0,6,0,6.0,0.0,DDoS
8939079,4,0,24,0,6,0,6,0,6.0,0.0,DDoS
83395133,8,6,56,11601,20,4380,0,0,7.0,1933.5,DDoS
94438,3,4,26,11607,20,11595,0,0,8.666666667,2901.75,DDoS
151,2,2,56,120,28,60,28,60,28.0,60.0,BENIGN
134637,3,6,26,11607,20,4380,0,0,8.666666667,1934.5,DDoS
115381959,16,14,1854,1251,1770,1179,0,0,115.875,89.35714286,BENIGN
2071883,4,0,24,0,6,0,6,0,6.0,0.0,DDoS
117740,1,1,46,143,46,143,46,143,46.0,143.0,BENIGN
4098652,1,6,1375,30,1375,6,1375,0,1375.0,5.0,BENIGN
1670814,3,4,26,11607,20,11595,0,0,8.666666667,2901.75,DDoS
639102,3,5,26,11607,20,10135,0,0,8.666666667,2321.4,DDoS
36910,7,2,11601,26,4380,20,0,6,1657.285714,13.0,BENIGN
4060972,4,0,24,0,6,0,6,0,6.0,0.0,DDoS
170147,5,2,11607,26,11595,20,0,6,2321.4,13.0,BENIGN
60996,4,2,188,264,47,132,47,132,47.0,132.0,BENIGN
1844425,3,5,26,11607,20,7215,0,0,8.666666667,2321.4,DDoS
155,2,2,46,46,23,23,23,23,23.0,23.0,BENIGN
49988,3,4,764,296,764,296,0,0,254.6666667,74.0,BENIGN
10086254,1,6,6,36,6,6,6,6,6.0,6.0,BENIGN
4029800,1,6,1375,30,1375,6,1375,0,1375.0,5.0,BENIGN
166555,3,6,26,11601,20,5840,0,0,8.666666667,1933.5,DDoS
7108803,5,0,30,0,6,0,6,0,6.0,0.0,DDoS
4094527,4,0,24,0,6,0,6,0,6.0,0.0,DDoS
110165,3,5,26,11607,20,7300,0,0,8.666666667,2321.4,DDoS
3834509,1,5,6,30,6,6,6,6,6.0,6.0,BENIGN
24275,2,2,66,230,33,115,33,115,33.0,115.0,BENIGN
246139,3,6,26,11607,20,4380,0,0,8.666666667,1934.5,DDoS
11978679,4,0,24,0,6,0,6,0,6.0,0.0,DDoS
833722,3,5,26,11607,20,7215,0,0,8.666666667,2321.4,DDoS
9925724,4,0,24,0,6,0,6,0,6.0,0.0,DDoS
9498798,4,0,24,0,6,0,6,0,6.0,0.0,DDoS
9365760,1,6,6,36,6,6,6,6,6.0,6.0,BENIGN
1405254,3,6,26,11607,20,5755,0,0,8.666666667,1934.5,DDoS
231,2,2,62,530,31,265,31,265,31.0,265.0,BENIGN
6367004,4,0,24,0,6,0,6,0,6.0,0.0,DDoS
584272,3,6,26,11601,20,4380,0,0,8.666666667,1933.5,DDoS
3957857,4,0,24,0,6,0,6,0,6.0,0.0,DDoS
1703017,3,5,26,11607,20,7215,0,0,8.666666667,2321.4,DDoS
81966636,8,5,56,11607,20,8760,0,0,7.0,2321.4,DDoS
76277000,6,9,11607,62,5840,20,0,0,1934.5,6.888888889,BENIGN
102849817,8,6,56,11601,20,4380,0,0,7.0,1933.5,DDoS
7419850,4,0,24,0,6,0,6,0,6.0,0.0,DDoS
10091810,1,5,1375,24,1375,6,1375,0,1375.0,4.8,BENIGN
820490,3,4,26,11601,20,8760,0,0,8.666666667,2900.25,DDoS
9256764,4,0,24,0,6,0,6,0,6.0,0.0,DDoS
214,2,2,64,204,32,102,32,102,32.0,102.0,BENIGN
1763539,7,2,11607,26,5840,20,0,6,1658.142857,13.0,BENIGN
77099503,7,9,12982,56,4380,20,0,0,1854.571429,6.222222222,BENIGN
5969624,1,5,6,30,6,6,6,6,6.0,6.0,BENIGN
533522,2,2,72,194,36,97,36,97,36.0,97.0,BENIGN
10141243,1,7,6,42,6,6,6,6,6.0,6.0,BENIGN
79408871,7,5,50,11607,20,7215,0,0,7.142857143,2321.4,DDoS
83412935,8,4,56,11601,20,8760,0,0,7.0,2900.25,DDoS
12152229,1,6,6,36,6,6,6,6,6.0,6.0,BENIGN
42004,2,1,12,6,6,6,6,6,6.0,6.0,BENIGN
30971,4,2,164,204,41,102,41,102,41.0,102.0,BENIGN
7302810,5,0,30,0,6,0,6,0,6.0,0.0,DDoS
219,2,2,66,98,33,49,33,49,33.0,49.0,BENIGN
773339,3,5,26,11607,20,5840,0,0,8.666666667,2321.4,DDoS
427568,3,4,683,421,683,421,0,0,227.6666667,105.25,BENIGN
5326067,1,6,6,36,6,6,6,6,6.0,6.0,BENIGN
152235,3,5,26,11607,20,7215,0,0,8.666666667,2321.4,DDoS
21014,3,5,26,11601,20,8760,0,0,8.666666667,2320.2,DDoS
82531037,7,4,50,11607,20,11595,0,0,7.142857143,2901.75,DDoS
82684457,7,10,11607,68,4380,20,0,0,1658.142857,6.8,BENIGN
65,1,1,6,6,6,6,6,6,6.0,6.0,BENIGN
202,2,2,102,158,51,79,51,79,51.0,79.0,BENIGN
1830407,1,5,6,30,6,6,6,6,6.0,6.0,BENIGN
11298718,5,0,30,0,6,0,6,0,6.0,0.0,DDoS
479113,3,5,26,11601,20,7300,0,0,8.666666667,2320.2,DDoS
155,2,2,46,46,23,23,23,23,23.0,23.0,BENIGN
23379,1,1,79,161,79,161,79,161,79.0,161.0,BENIGN
1526439,3,6,26,11607,20,5840,0,0,8.666666667,1934.5,DDoS
187578,1,1,0,0,0,0,0,0,0.0,0.0,BENIGN
113451,3,5,26,11607,20,8760,0,0,8.666666667,2321.4,DDoS
5726371,7,6,353,4566,203,1460,0,0,50.42857143,761.0,BENIGN
3366786,5,6,279,188,216,137,0,2,55.8,31.33333333,BENIGN
22620477,7,6,884,3560,430,1774,0,0,126.2857143,593.3333333,BENIGN
72683936,8,6,56,11607,20,5840,0,0,7.0,1934.5,DDoS
35911,3,5,26,11601,20,5840,0,0,8.666666667,2320.2,DDoS
43162,3,5,26,11601,20,7300,0,0,8.666666667,2320.2,DDoS
36661,3,5,26,11601,20,7300,0,0,8.666666667,2320.2,DDoS
113000,3,6,26,11601,20,5840,0,0,8.666666667,1933.5,DDoS
187,2,2,88,250,44,125,44,125,44.0,125.0,BENIGN
843023,5,0,30,0,6,0,6,0,6.0,0.0,DDoS
72967447,8,5,56,11607,20,10135,0,0,7.0,2321.4,DDoS
43049,3,5,26,11601,20,7300,0,0,8.666666667,2320.2,DDoS
2024982,5,0,30,0,6,0,6,0,6.0,0.0,DDoS
1844741,4,0,24,0,6,0,6,0,6.0,0.0,DDoS
73830700,8,4,56,11601,20,8760,0,0,7.0,2900.25,DDoS
589953,3,5,26,11607,20,10135,0,0,8.666666667,2321.4,DDoS
2201956,5,0,30,0,6,0,6,0,6.0,0.0,DDoS
272844,3,6,26,11607,20,5755,0,0,8.666666667,1934.5,DDoS
301533,4,0,24,0,6,0,6,0,6.0,0.0,DDoS
71186039,8,4,56,11601,20,8760,0,0,7.0,2900.25,DDoS
913664,3,4,26,11607,20,11595,0,0,8.666666667,2901.75,DDoS
167,2,2,84,204,42,102,42,102,42.0,102.0,BENIGN
3117672,1,5,6,30,6,6,6,6,6.0,6.0,BENIGN
115435534,16,14,579,530,495,524,0,0,36.1875,37.85714286,BENIGN
109746,6,2,11607,26,10220,20,0,6,1934.5,13.0,BENIGN
82660852,8,6,56,11607,20,5840,0,0,7.0,1934.5,DDoS
3503082,1,5,6,30,6,6,6,6,6.0,6.0,BENIGN
989087,3,7,26,11607,20,5840,0,0,8.666666667,1658.142857,DDoS
7181843,4,0,24,0,6,0,6,0,6.0,0.0,DDoS
2017187,4,0,24,0,6,0,6,0,6.0,0.0,DDoS
81602630,9,6,62,11607,20,5840,0,0,6.888888889,1934.5,DDoS
8021812,4,0,24,0,6,0,6,0,6.0,0.0,DDoS
107087,3,6,26,11607,20,4380,0,0,8.666666667,1934.5,DDoS
623992,3,5,26,11607,20,7215,0,0,8.666666667,2321.4,DDoS
660819,3,6,26,11607,20,4380,0,0,8.666666667,1934.5,DDoS
9979248,1,7,6,42,6,6,6,6,6.0,6.0,BENIGN
9246767,4,0,24,0,6,0,6,0,6.0,0.0,DDoS
78369152,7,9,11613,62,5840,20,0,0,1659.0,6.888888889,BENIGN
107589,3,5,26,11607,20,10135,0,0,8.666666667,2321.4,DDoS
2185136,6,7,673,4156,340,1591,0,0,112.1666667,593.7142857,BENIGN
5550235,1,5,6,30,6,6,6,6,6.0,6.0,BENIGN
132,2,2,64,96,32,48,32,48,32.0,48.0,BENIGN
33036,2,2,92,254,46,127,46,127,46.0,127.0,BENIGN
1841151,3,6,26,11607,20,5840,0,0,8.666666667,1934.5,DDoS
1886250,3,5,26,11607,20,7215,0,0,8.666666667,2321.4,DDoS
73626477,5,9,11613,62,11595,20,0,0,2322.6,6.888888889,BENIGN
4,3,0,43,0,31,0,6,0,14.33333333,0.0,BENIGN
6004604,9,6,592,4406,342,1448,0,0,65.77777778,734.3333333,BENIGN
81586280,6,9,11613,62,10135,20,0,0,1935.5,6.888888889,BENIGN
238371,2,0,12,0,6,0,6,0,6.0,0.0,BENIGN
432654,3,5,26,11601,20,7300,0,0,8.666666667,2320.2,DDoS
6004251,1,6,6,36,6,6,6,6,6.0,6.0,BENIGN
353036,3,4,26,11607,20,11595,0,0,8.666666667,2901.75,DDoS
38976,5,0,30,0,6,0,6,0,6.0,0.0,DDoS
6052076,1,5,6,30,6,6,6,6,6.0,6.0,BENIGN
44370,3,5,26,11601,20,7300,0,0,8.666666667,2320.2,DDoS
5152918,5,1,135,46,46,46,6,46,27.0,46.0,BENIGN
8071745,4,0,24,0,6,0,6,0,6.0,0.0,DDoS
115559309,16,14,511,752,427,746,0,0,31.9375,53.71428571,BENIGN
98136542,8,5,56,11601,20,5840,0,0,7.0,2320.2,DDoS
76649077,8,5,56,11601,20,7300,0,0,7.0,2320.2,DDoS
31030,3,5,26,11601,20,7300,0,0,8.666666667,2320.2,DDoS
6063920,5,0,30,0,6,0,6,0,6.0,0.0,DDoS
1274360,3,6,26,11607,20,4380,0,0,8.666666667,1934.5,DDoS
314,2,0,12,0,6,0,6,0,6.0,0.0,BENIGN
8160782,6,0,36,0,6,0,6,0,6.0,0.0,DDoS
75,1,1,0,0,0,0,0,0,0.0,0.0,BENIGN
48062,2,2,74,236,37,118,37,118,37.0,118.0,BENIGN
4542935,5,0,30,0,6,0,6,0,6.0,0.0,DDoS
372974,3,6,26,11607,20,5755,0,0,8.666666667,1934.5,DDoS
756347,3,6,26,11607,20,4380,0,0,8.666666667,1934.5,DDoS
1765508,3,5,26,11607,20,7300,0,0,8.666666667,2321.4,DDoS
78876862,8,4,56,11601,20,7215,0,0,7.0,2900.25,DDoS
9973722,4,0,24,0,6,0,6,0,6.0,0.0,DDoS
71537168,8,5,56,11607,20,7300,0,0,7.0,2321.4,DDoS
6688503,4,0,24,0,6,0,6,0,6.0,0.0,DDoS
669506,3,6,26,11607,20,5755,0,0,8.666666667,1934.5,DDoS
29,2,0,12,0,6,0,6,0,6.0,0.0,BENIGN
32440,3,4,26,11601,20,8760,0,0,8.666666667,2900.25,DDoS
105511,2,2,84,204,42,102,42,102,42.0,102.0,BENIGN
6064955,1,5,1375,24,1375,6,1375,0,1375.0,4.8,BENIGN
628986,5,0,30,0,6,0,6,0,6.0,0.0,DDoS
113203,3,5,26,11601,20,4380,0,0,8.666666667,2320.2,DDoS
5316875,8,7,923,6027,571,2920,0,2,115.375,861.0,BENIGN
8099784,5,0,30,0,6,0,6,0,6.0,0.0,DDoS
40834,3,5,26,11601,20,7300,0,0,8.666666667,2320.2,DDoS
78505067,8,5,56,11607,20,10135,0,0,7.0,2321.4,DDoS
1769864,3,4,26,11601,20,8760,0,0,8.666666667,2900.25,DDoS
185,2,2,72,194,36,97,36,97,36.0,97.0,BENIGN
1410138,7,2,11607,26,5755,20,0,6,1658.142857,13.0,BENIGN
7935782,4,0,24,0,6,0,6,0,6.0,0.0,DDoS
36519,3,6,26,11601,20,5840,0,0,8.666666667,1933.5,DDoS
292798,3,5,26,11601,20,5755,0,0,8.666666667,2320.2,DDoS
226692,11,8,585,5034,189,2920,0,0,53.18181818,629.25,BENIGN
81677477,2,2,122,227,64,117,58,110,61.0,113.5,BENIGN
48,2,0,12,0,6,0,6,0,6.0,0.0,BENIGN
103019,4,0,24,0,6,0,6,0,6.0,0.0,DDoS
70484528,8,5,56,11607,20,7215,0,0,7.0,2321.4,DDoS
1957980,5,0,30,0,6,0,6,0,6.0,0.0,DDoS
81170618,9,4,62,11601,20,7215,0,0,6.888888889,2900.25,DDoS
9194084,1,6,6,36,6,6,6,6,6.0,6.0,BENIGN
42777,1,1,0,0,0,0,0,0,0.0,0.0,BENIGN
715254,3,5,26,11601,20,5840,0,0,8.666666667,2320.2,DDoS
36610,3,5,26,11601,20,7300,0,0,8.666666667,2320.2,DDoS
63,1,1,6,6,6,6,6,6,6.0,6.0,BENIGN
634372,3,4,26,11601,20,5840,0,0,8.666666667,2900.25,DDoS
10051820,8,5,56,11607,20,10135,0,0,7.0,2321.4,DDoS
1881271,3,6,26,11607,20,4380,0,0,8.666666667,1934.5,DDoS
96366,3,4,891,1104,885,1092,0,0,297.0,276.0,BENIGN
31809,2,2,82,114,41,57,41,57,41.0,57.0,BENIGN
8607758,1,5,6,30,6,6,6,6,6.0,6.0,BENIGN
75149588,8,4,56,11601,20,7215,0,0,7.0,2900.25,DDoS
59241,1,1,53,85,53,85,53,85,53.0,85.0,BENIGN
92420879,7,10,11607,68,4380,20,0,0,1658.142857,6.8,BENIGN
6816112,4,0,24,0,6,0,6,0,6.0,0.0,DDoS
6107866,4,0,24,0,6,0,6,0,6.0,0.0,DDoS
59420640,2,2,110,215,61,122,49,93,55.0,107.5,BENIGN
4077883,5,0,30,0,6,0,6,0,6.0,0.0,DDoS
102623294,8,6,56,11607,20,5840,0,0,7.0,1934.5,DDoS
31919,2,2,180,348,90,174,90,174,90.0,174.0,BENIGN
104531,3,6,26,11601,20,4380,0,0,8.666666667,1933.5,DDoS
91493652,8,6,56,11601,20,4380,0,0,7.0,1933.5,DDoS
24364,2,2,70,326,35,163,35,163,35.0,163.0,BENIGN
996946,3,3,0,18,0,6,0,6,0.0,6.0,BENIGN
159350,4,2,144,286,36,143,36,143,36.0,143.0,BENIGN
2098977,4,0,24,0,6,0,6,0,6.0,0.0,DDoS
250,2,2,90,122,45,61,45,61,45.0,61.0,BENIGN
5068706,1,5,6,30,6,6,6,6,6.0,6.0,BENIGN
4474648,1,5,6,30,6,6,6,6,6.0,6.0,BENIGN
503348,5,2,50,46,38,46,0,0,10.0,23.0,BENIGN
24165,2,2,76,108,38,54,38,54,38.0,54.0,BENIGN
7555828,5,0,30,0,6,0,6,0,6.0,0.0,DDoS
1109897,3,5,26,11601,20,5840,0,0,8.666666667,2320.2,DDoS
100089249,8,5,56,11607,20,7215,0,0,7.0,2321.4,DDoS
82144177,8,4,56,11601,20,8760,0,0,7.0,2900.25,DDoS
488257,3,5,26,11607,20,7300,0,0,8.666666667,2321.4,DDoS
89911588,8,6,56,11607,20,4380,0,0,7.0,1934.5,DDoS
61997,5,0,30,0,6,0,6,0,6.0,0.0,DDoS
60845238,27,36,1657,43704,517,2920,0,0,61.37037037,1214.0,BENIGN
83421934,8,5,56,11601,20,8760,0,0,7.0,2320.2,DDoS
71951137,8,6,56,11601,20,7300,0,0,7.0,1933.5,DDoS
7196328,1,6,6,36,6,6,6,6,6.0,6.0,BENIGN
221429,1,1,39,55,39,55,39,55,39.0,55.0,BENIGN
50445,1,1,48,64,48,64,48,64,48.0,64.0,BENIGN
1379536,6,4,206,304,41,95,31,57,34.33333333,76.0,BENIGN
231994,1,1,0,0,0,0,0,0,0.0,0.0,BENIGN
1795106,3,6,26,11607,20,5840,0,0,8.666666667,1934.5,DDoS
92389917,9,7,62,11601,20,4380,0,0,6.888888889,1657.285714,DDoS
19640,3,1,12,6,6,6,0,6,4.0,6.0,BENIGN
2044012,4,0,24,0,6,0,6,0,6.0,0.0,DDoS
854998,3,4,26,11601,20,8760,0,0,8.666666667,2900.25,DDoS
4588880,5,0,30,0,6,0,6,0,6.0,0.0,DDoS
50756,2,2,66,122,33,61,33,61,33.0,61.0,BENIGN
4615854,5,0,30,0,6,0,6,0,6.0,0.0,DDoS
1852895,3,6,26,11607,20,5840,0,0,8.666666667,1934.5,DDoS
1387875,3,5,26,11607,20,8675,0,0,8.666666667,2321.4,DDoS
23,13,0,650,0,50,0,50,0,50.0,0.0,BENIGN
8220800,4,0,24,0,6,0,6,0,6.0,0.0,DDoS
12050664,5,0,30,0,6,0,6,0,6.0,0.0,DDoS
8074774,4,0,24,0,6,0,6,0,6.0,0.0,DDoS
3807913,1,6,6,36,6,6,6,6,6.0,6.0,BENIGN
1118570,3,6,26,11607,20,4380,0,0,8.666666667,1934.5,DDoS
5827836,1,5,6,30,6,6,6,6,6.0,6.0,BENIGN
82373717,6,9,12982,56,10135,20,0,0,2163.666667,6.222222222,BENIGN
21082,3,4,26,11601,20,8760,0,0,8.666666667,2900.25,DDoS
39003,3,4,26,11601,20,8760,0,0,8.666666667,2900.25,DDoS
205,2,2,64,204,32,102,32,102,32.0,102.0,BENIGN
30227,4,0,24,0,6,0,6,0,6.0,0.0,DDoS
10042754,4,0,24,0,6,0,6,0,6.0,0.0,DDoS
6440574,4,0,24,0,6,0,6,0,6.0,0.0,DDoS
449586,3,7,26,11601,20,5840,0,0,8.666666667,1657.285714,DDoS
1763568,3,4,26,11601,20,8760,0,0,8.666666667,2900.25,DDoS
211937,1,1,6,6,6,6,6,6,6.0,6.0,BENIGN
6683,2,1,12,6,6,6,6,6,6.0,6.0,BENIGN
679519,10,10,568,6532,201,1460,0,0,56.8,653.2,BENIGN
87779015,8,6,56,11601,20,5840,0,0,7.0,1933.5,DDoS
106514,5,2,11607,26,11595,20,0,6,2321.4,13.0,BENIGN
67,1,1,0,0,0,0,0,0,0.0,0.0,BENIGN
12225757,5,0,30,0,6,0,6,0,6.0,0.0,DDoS
19562,3,1,114,6,77,6,6,6,38.0,6.0,BENIGN
85,1,1,0,0,0,0,0,0,0.0,0.0,BENIGN
4545571,4,0,24,0,6,0,6,0,6.0,0.0,DDoS
200,2,2,66,162,33,81,33,81,33.0,81.0,BENIGN
443003,3,6,26,11601,20,5840,0,0,8.666666667,1933.5,DDoS
115643809,16,14,785,704,785,704,0,0,49.0625,50.28571429,BENIGN
4709756,1,5,6,30,6,6,6,6,6.0,6.0,BENIGN
543406,3,5,26,11607,20,5840,0,0,8.666666667,2321.4,DDoS
76994,4,2,132,158,33,79,33,79,33.0,79.0,BENIGN
2717804,4,0,24,0,6,0,6,0,6.0,0.0,DDoS
217760,1,1,39,253,39,253,39,253,39.0,253.0,BENIGN
85,1,1,0,0,0,0,0,0,0.0,0.0,BENIGN
484935,7,2,11601,26,5840,20,0,6,1657.285714,13.0,BENIGN
1556996,3,5,26,11607,20,10135,0,0,8.666666667,2321.4,DDoS
333397,3,4,26,11601,20,8760,0,0,8.666666667,2900.25,DDoS
168439,3,5,26,11607,20,10135,0,0,8.666666667,2321.4,DDoS
47765,3,6,26,11601,20,4380,0,0,8.666666667,1933.5,DDoS
80760834,8,4,56,11601,20,8760,0,0,7.0,2900.25,DDoS
303217,1,5,6,30,6,6,6,6,6.0,6.0,BENIGN
76245287,8,6,56,11607,20,4380,0,0,7.0,1934.5,DDoS
531595,3,5,26,11607,20,10135,0,0,8.666666667,2321.4,DDoS
501,1,1,88,166,88,166,88,166,88.0,166.0,BENIGN
63592319,7,2,187,92,46,46,6,46,26.71428571,46.0,BENIGN
1958944,4,0,24,0,6,0,6,0,6.0,0.0,DDoS
118184507,14,15,867,4508,230,2820,0,0,61.92857143,300.5333333,BENIGN
59217,1,1,63,79,63,79,63,79,63.0,79.0,BENIGN
81165333,8,5,56,11607,20,5840,0,0,7.0,2321.4,DDoS
1963977,4,0,24,0,6,0,6,0,6.0,0.0,DDoS
36814,2,0,12,0,6,0,6,0,6.0,0.0,BENIGN
14030,3,6,26,11601,20,5840,0,0,8.666666667,1933.5,DDoS
8663534,5,0,30,0,6,0,6,0,6.0,0.0,DDoS
250913,4,0,24,0,6,0,6,0,6.0,0.0,DDoS
61216300,15,13,1088,3781,708,1492,0,0,72.53333333,290.8461538,BENIGN
506218,3,5,26,11601,20,7300,0,0,8.666666667,2320.2,DDoS
1001518,3,5,26,11607,20,10135,0,0,8.666666667,2321.4,DDoS
1483959,3,5,26,11607,20,5840,0,0,8.666666667,2321.4,DDoS
81633405,8,5,56,11607,20,10135,0,0,7.0,2321.4,DDoS
211,2,2,68,350,34,175,34,175,34.0,175.0,BENIGN
451512,3,5,26,11607,20,8675,0,0,8.666666667,2321.4,DDoS
97604272,5,9,11613,62,11595,20,0,0,2322.6,6.888888889,BENIGN
820868,1,7,6,42,6,6,6,6,6.0,6.0,BENIGN
5038903,5,0,30,0,6,0,6,0,6.0,0.0,DDoS
10461420,5,0,30,0,6,0,6,0,6.0,0.0,DDoS
82500946,2,2,97,178,49,114,48,64,48.5,89.0,BENIGN
11353788,1,6,1375,30,1375,6,1375,0,1375.0,5.0,BENIGN
60089,2,2,90,122,45,61,45,61,45.0,61.0,BENIGN
46842625,17,17,4886,10565,2007,2920,0,0,287.4117647,621.4705882,BENIGN
407681,3,6,26,11607,20,5840,0,0,8.666666667,1934.5,DDoS
7562808,5,0,30,0,6,0,6,0,6.0,0.0,DDoS
35895,5,2,11601,26,8760,20,0,6,2320.2,13.0,BENIGN
638730,3,6,26,11607,20,5840,0,0,8.666666667,1934.5,DDoS
83773544,9,5,62,11607,20,10220,0,0,6.888888889,2321.4,DDoS
9403798,5,0,30,0,6,0,6,0,6.0,0.0,DDoS
9388723,1,6,6,36,6,6,6,6,6.0,6.0,BENIGN
755018,5,0,30,0,6,0,6,0,6.0,0.0,DDoS
23738,1,1,45,77,45,77,45,77,45.0,77.0,BENIGN
78071539,7,10,11607,68,4380,20,0,0,1658.142857,6.8,BENIGN
5019867,4,0,24,0,6,0,6,0,6.0,0.0,DDoS
81981,4,2,180,146,45,73,45,73,45.0,73.0,BENIGN
613484,7,2,11607,26,5755,20,0,6,1658.142857,13.0,BENIGN
419,2,2,78,110,39,55,39,55,39.0,55.0,BENIGN
95894,3,4,26,11607,20,11595,0,0,8.666666667,2901.75,DDoS
8207182,4,0,24,0,6,0,6,0,6.0,0.0,DDoS
8791622,4,0,24,0,6,0,6,0,6.0,0.0,DDoS
71350830,6,9,11607,62,5840,20,0,0,1934.5,6.888888889,BENIGN
7107213,1,5,6,30,6,6,6,6,6.0,6.0,BENIGN
10633686,5,0,30,0,6,0,6,0,6.0,0.0,DDoS
10608028,5,0,30,0,6,0,6,0,6.0,0.0,DDoS
50368,3,6,26,11601,20,5840,0,0,8.666666667,1933.5,DDoS
1206249,3,6,26,11607,20,5755,0,0,8.666666667,1934.5,DDoS
44693,3,5,26,11601,20,5755,0,0,8.666666667,2320.2,DDoS
697024,3,0,12,0,6,0,0,0,4.0,0.0,DDoS
82155260,6,9,11607,62,8760,20,0,0,1934.5,6.888888889,BENIGN
1913001,4,0,24,0,6,0,6,0,6.0,0.0,DDoS
142421,3,5,26,11607,20,5840,0,0,8.666666667,2321.4,DDoS
1861021,4,0,24,0,6,0,6,0,6.0,0.0,DDoS
1742558,5,0,30,0,6,0,6,0,6.0,0.0,DDoS
688730,3,5,26,11601,20,7215,0,0,8.666666667,2320.2,DDoS
93203,3,4,26,11601,20,10135,0,0,8.666666667,2900.25,DDoS
4,2,0,124,0,62,0,62,0,62.0,0.0,BENIGN
229553,1,1,53,88,53,88,53,88,53.0,88.0,BENIGN
6572444,1,6,1375,30,1375,6,1375,0,1375.0,5.0,BENIGN
25425268,2,0,12,0,6,0,6,0,6.0,0.0,BENIGN
1469640,1,5,6,30,6,6,6,6,6.0,6.0,BENIGN
1314756,6,2,11607,26,5840,20,0,6,1934.5,13.0,BENIGN
23290,3,5,26,11601,20,8760,0,0,8.666666667,2320.2,DDoS
1250659,3,4,26,11607,20,11595,0,0,8.666666667,2901.75,DDoS
1310287,3,4,26,11607,20,11595,0,0,8.666666667,2901.75,DDoS
49484935,8,9,467,1782,431,1448,0,0,58.375,198.0,BENIGN
84226556,6,9,12982,56,7215,20,0,0,2163.666667,6.222222222,BENIGN
60906,7,4,364,3661,189,2920,0,0,52.0,915.25,BENIGN
10100082,1,5,6,30,6,6,6,6,6.0,6.0,BENIGN
3994278,10,11,703,3950,267,1448,0,0,70.3,359.0909091,BENIGN
1316109,3,6,26,11607,20,4380,0,0,8.666666667,1934.5,DDoS
213,2,2,46,46,23,23,23,23,23.0,23.0,BENIGN
1873227,3,5,26,11607,20,7215,0,0,8.666666667,2321.4,DDoS
8220093,1,6,1375,30,1375,6,1375,0,1375.0,5.0,BENIGN
172159,4,2,128,190,32,95,32,95,32.0,95.0,BENIGN
263003,4,0,24,0,6,0,6,0,6.0,0.0,DDoS
23596,1,1,45,61,45,61,45,61,45.0,61.0,BENIGN
10038987,4,0,24,0,6,0,6,0,6.0,0.0,DDoS
9785719,4,0,24,0,6,0,6,0,6.0,0.0,DDoS
6917758,1,6,6,36,6,6,6,6,6.0,6.0,BENIGN
5525237,1,6,6,36,6,6,6,6,6.0,6.0,BENIGN
3846571,4,0,24,0,6,0,6,0,6.0,0.0,DDoS
78036,4,2,132,158,33,79,33,79,33.0,79.0,BENIGN
9063794,4,0,24,0,6,0,6,0,6.0,0.0,DDoS
48076,1,1,77,159,77,159,77,159,77.0,159.0,BENIGN
9231757,4,0,24,0,6,0,6,0,6.0,0.0,DDoS
12091533,1,6,1375,30,1375,6,1375,0,1375.0,5.0,BENIGN
752632,3,5,26,11607,20,7215,0,0,8.666666667,2321.4,DDoS
149513,3,4,26,11601,20,7215,0,0,8.666666667,2900.25,DDoS
1275646,3,6,26,11601,20,4380,0,0,8.666666667,1933.5,DDoS
186,2,0,12,0,6,0,6,0,6.0,0.0,BENIGN
242,2,2,142,398,71,199,71,199,71.0,199.0,BENIGN
491321,3,5,26,11601,20,7300,0,0,8.666666667,2320.2,DDoS
11420693,5,0,30,0,6,0,6,0,6.0,0.0,DDoS
862997,3,6,26,11607,20,4380,0,0,8.666666667,1934.5,DDoS
10640,3,1,43,6,31,6,6,6,14.33333333,6.0,BENIGN
66198,2,0,12,0,6,0,6,0,6.0,0.0,BENIGN
74201244,8,5,56,11601,20,8760,0,0,7.0,2320.2,DDoS
899992,3,5,26,11607,20,7215,0,0,8.666666667,2321.4,DDoS
100825992,6,10,11607,68,7300,20,0,0,1934.5,6.8,BENIGN
95266,1,1,0,0,0,0,0,0,0.0,0.0,BENIGN
1711837,3,6,26,11601,20,4380,0,0,8.666666667,1933.5,DDoS
9136762,5,0,30,0,6,0,6,0,6.0,0.0,DDoS
83474424,8,5,56,11607,20,7300,0,0,7.0,2321.4,DDoS
61939,1,5,6,30,6,6,6,6,6.0,6.0,BENIGN
2007680,1,6,6,36,6,6,6,6,6.0,6.0,BENIGN
294554,2,6,20,11607,20,5840,0,0,10.0,1934.5,DDoS
1892515,3,5,26,11607,20,10135,0,0,8.666666667,2321.4,DDoS
748107,7,2,11607,26,5840,20,0,6,1658.142857,13.0,BENIGN
99057782,8,5,56,11607,20,8760,0,0,7.0,2321.4,DDoS
3806144,1,7,6,42,6,6,6,6,6.0,6.0,BENIGN
93564049,8,5,56,11601,20,8760,0,0,7.0,2320.2,DDoS
781173,3,6,26,11601,20,4380,0,0,8.666666667,1933.5,DDoS
2021101,4,0,24,0,6,0,6,0,6.0,0.0,DDoS
1065615,3,6,26,11607,20,4380,0,0,8.666666667,1934.5,DDoS
528166,3,4,26,11601,20,8760,0,0,8.666666667,2900.25,DDoS
8975794,4,0,24,0,6,0,6,0,6.0,0.0,DDoS
34057857,17,14,5268,2174,1755,348,0,0,309.8823529,155.2857143,BENIGN
1004893,4,0,24,0,6,0,6,0,6.0,0.0,DDoS
109075,3,4,26,11601,20,8760,0,0,8.666666667,2900.25,DDoS
72238644,8,4,56,11601,20,10135,0,0,7.0,2900.25,DDoS
17419,3,5,26,11601,20,5840,0,0,8.666666667,2320.2,DDoS
8730723,5,0,30,0,6,0,6,0,6.0,0.0,DDoS
3934905,4,0,24,0,6,0,6,0,6.0,0.0,DDoS
174,2,2,164,260,82,130,82,130,82.0,130.0,BENIGN
6135868,5,0,30,0,6,0,6,0,6.0,0.0,DDoS
733559,3,7,26,11601,20,4380,0,0,8.666666667,1657.285714,DDoS
468892,3,6,26,11601,20,4380,0,0,8.666666667,1933.5,DDoS
11,1,1,6,6,6,6,6,6,6.0,6.0,BENIGN
63311,2,2,88,256,44,128,44,128,44.0,128.0,BENIGN
806673,3,5,26,11607,20,5840,0,0,8.666666667,2321.4,DDoS
7650994,5,0,30,0,6,0,6,0,6.0,0.0,DDoS
66,1,1,6,6,6,6,6,6,6.0,6.0,BENIGN
3514856,1,6,6,36,6,6,6,6,6.0,6.0,BENIGN
140,2,2,76,108,38,54,38,54,38.0,54.0,BENIGN
234,2,2,70,358,35,179,35,179,35.0,179.0,BENIGN
82704438,7,10,11607,68,4380,20,0,0,1658.142857,6.8,BENIGN
6652363,1,5,6,30,6,6,6,6,6.0,6.0,BENIGN
25362,3,4,26,11601,20,8760,0,0,8.666666667,2900.25,DDoS
24026498,4,0,24,0,6,0,6,0,6.0,0.0,DDoS
120,2,0,0,0,0,0,0,0,0.0,0.0,BENIGN
195,2,2,88,344,44,172,44,172,44.0,172.0,BENIGN
1178632,7,2,11601,26,5840,20,0,6,1657.285714,13.0,BENIGN
9684870,4,0,24,0,6,0,6,0,6.0,0.0,DDoS
118497466,25,19,2610,4476,435,746,0,0,104.4,235.5789474,BENIGN
5912836,8,4,368,3448,187,3184,0,0,46.0,862.0,BENIGN
7179777,1,5,6,30,6,6,6,6,6.0,6.0,BENIGN
51488,2,2,58,154,29,77,29,77,29.0,77.0,BENIGN
15213,1,1,6,6,6,6,6,6,6.0,6.0,BENIGN
510244,3,6,26,11601,20,4380,0,0,8.666666667,1933.5,DDoS
18178,3,6,26,11601,20,5840,0,0,8.666666667,1933.5,DDoS
4012039,1,5,6,30,6,6,6,6,6.0,6.0,BENIGN
971838,3,6,26,11601,20,4380,0,0,8.666666667,1933.5,DDoS
69025,3,6,26,11601,20,4380,0,0,8.666666667,1933.5,DDoS
676385,3,5,26,11601,20,5840,0,0,8.666666667,2320.2,DDoS
37489070,7,7,461,1780,431,1768,0,0,65.85714286,254.2857143,BENIGN
35761420,2,2,123,278,62,189,61,89,61.5,139.0,BENIGN
78448067,8,4,56,11607,20,11595,0,0,7.0,2901.75,DDoS
2101008,9,6,1210,4274,861,1460,0,0,134.4444444,712.3333333,BENIGN
666579,3,6,26,11607,20,5840,0,0,8.666666667,1934.5,DDoS
662931,3,5,26,11607,20,10135,0,0,8.666666667,2321.4,DDoS
198983,3,6,26,11601,20,4380,0,0,8.666666667,1933.5,DDoS
99222148,6,9,11607,62,5840,20,0,0,1934.5,6.888888889,BENIGN
622301,3,5,26,11607,20,5840,0,0,8.666666667,2321.4,DDoS
8152785,4,0,24,0,6,0,6,0,6.0,0.0,DDoS
982067,3,5,26,11607,20,7215,0,0,8.666666667,2321.4,DDoS
83940679,8,4,56,11607,20,11595,0,0,7.0,2901.75,DDoS
296503,3,4,26,11607,20,11595,0,0,8.666666667,2901.75,DDoS
67,1,1,0,0,0,0,0,0,0.0,0.0,BENIGN
81917059,8,5,56,11607,20,7300,0,0,7.0,2321.4,DDoS
46009,5,0,30,0,6,0,6,0,6.0,0.0,DDoS
199008,4,0,24,0,6,0,6,0,6.0,0.0,DDoS
1768218,3,6,26,11601,20,5840,0,0,8.666666667,1933.5,DDoS
484907,3,5,26,11607,20,7300,0,0,8.666666667,2321.4,DDoS
73669178,6,10,11613,68,7300,20,0,0,1935.5,6.8,BENIGN
199489,10,7,557,4130,200,1430,0,0,55.7,590.0,BENIGN
200,2,2,88,200,44,100,44,100,44.0,100.0,BENIGN
9518732,5,0,30,0,6,0,6,0,6.0,0.0,DDoS
80887638,7,9,11607,62,7300,20,0,0,1658.142857,6.888888889,BENIGN
7713775,4,0,24,0,6,0,6,0,6.0,0.0,DDoS
8048806,4,0,24,0,6,0,6,0,6.0,0.0,DDoS
31339,3,4,26,11601,20,8760,0,0,8.666666667,2900.25,DDoS
983508,3,5,26,11607,20,10135,0,0,8.666666667,2321.4,DDoS
81167337,8,6,56,11607,20,4380,0,0,7.0,1934.5,DDoS
147,2,0,12,0,6,0,6,0,6.0,0.0,BENIGN
81471567,8,5,56,11601,20,5840,0,0,7.0,2320.2,DDoS
70888,3,6,26,11601,20,4380,0,0,8.666666667,1933.5,DDoS
160,2,2,110,174,55,87,55,87,55.0,87.0,BENIGN
1070264,3,4,26,11607,20,11595,0,0,8.666666667,2901.75,DDoS
83827864,6,9,11607,62,5840,20,0,0,1934.5,6.888888889,BENIGN
185,2,2,78,110,39,55,39,55,39.0,55.0,BENIGN
1541054,3,5,26,11607,20,7215,0,0,8.666666667,2321.4,DDoS
6111863,5,0,30,0,6,0,6,0,6.0,0.0,DDoS
1387749,3,4,26,11607,20,11595,0,0,8.666666667,2901.75,DDoS
81251020,8,6,56,11607,20,5840,0,0,7.0,1934.5,DDoS
6339865,5,0,30,0,6,0,6,0,6.0,0.0,DDoS
3489643,1,5,6,30,6,6,6,6,6.0,6.0,BENIGN
35017,3,5,26,11601,20,5840,0,0,8.666666667,2320.2,DDoS
6574207,4,0,24,0,6,0,6,0,6.0,0.0,DDoS
85065,3,4,26,11607,20,11595,0,0,8.666666667,2901.75,DDoS
11057670,1,6,1375,30,1375,6,1375,0,1375.0,5.0,BENIGN
54,1,2,6,12,6,6,6,6,6.0,6.0,BENIGN
615124,3,5,26,11607,20,10220,0,0,8.666666667,2321.4,DDoS
6504378,4,0,24,0,6,0,6,0,6.0,0.0,DDoS
255,2,2,64,258,32,129,32,129,32.0,129.0,BENIGN
4047041,1,6,6,36,6,6,6,6,6.0,6.0,BENIGN
63510,6,2,11601,26,7300,20,0,6,1933.5,13.0,BENIGN
82802326,19,20,1802,7870,431,1963,0,0,94.84210526,393.5,BENIGN
8133028,1,6,6,36,6,6,6,6,6.0,6.0,BENIGN
1197986,3,4,26,11607,20,11595,0,0,8.666666667,2901.75,DDoS
1677006,4,0,24,0,6,0,6,0,6.0,0.0,DDoS
903357,3,6,26,11607,20,4380,0,0,8.666666667,1934.5,DDoS
9573543,8,4,56,11607,20,11595,0,0,7.0,2901.75,DDoS
1757587,3,5,26,11607,20,8675,0,0,8.666666667,2321.4,DDoS
81051112,7,9,11607,62,5840,20,0,0,1658.142857,6.888888889,BENIGN
64068604,2,0,74,0,37,0,37,0,37.0,0.0,BENIGN
23380,2,2,70,126,35,63,35,63,35.0,63.0,BENIGN
73443008,7,9,11613,62,4380,20,0,0,1659.0,6.888888889,BENIGN
1767948,4,0,24,0,6,0,6,0,6.0,0.0,DDoS
8445373,1,6,6,36,6,6,6,6,6.0,6.0,BENIGN
1317485,3,6,26,11607,20,5840,0,0,8.666666667,1934.5,DDoS
1328710,3,5,26,11607,20,7215,0,0,8.666666667,2321.4,DDoS
63142,3,6,26,11607,20,5840,0,0,8.666666667,1934.5,DDoS
120595,1,1,62,230,62,230,62,230,62.0,230.0,BENIGN
3849636,1,5,6,30,6,6,6,6,6.0,6.0,BENIGN
60865,1,1,43,109,43,109,43,109,43.0,109.0,BENIGN
434,3,0,0,0,0,0,0,0,0.0,0.0,BENIGN
110028,2,2,62,244,31,122,31,122,31.0,122.0,BENIGN
1451013,4,0,24,0,6,0,6,0,6.0,0.0,DDoS
5899391,5,0,30,0,6,0,6,0,6.0,0.0,DDoS
214621,1,1,6,6,6,6,6,6,6.0,6.0,BENIGN
198,2,2,66,164,33,82,33,82,33.0,82.0,BENIGN
5113906,9,4,337,4269,180,2896,0,0,37.44444444,1067.25,BENIGN
3699451,1,5,6,30,6,6,6,6,6.0,6.0,BENIGN
544606,3,5,26,11607,20,10135,0,0,8.666666667,2321.4,DDoS
309,2,0,0,0,0,0,0,0,0.0,0.0,BENIGN
22445,3,6,26,11601,20,5840,0,0,8.666666667,1933.5,DDoS
109665,1,1,41,143,41,143,41,143,41.0,143.0,BENIGN
9007580,4,0,24,0,6,0,6,0,6.0,0.0,DDoS
1797860,3,5,26,11607,20,10220,0,0,8.666666667,2321.4,DDoS
30709,2,2,76,238,38,119,38,119,38.0,119.0,BENIGN
265,2,2,90,122,45,61,45,61,45.0,61.0,BENIGN
2011699,1,6,6,36,6,6,6,6,6.0,6.0,BENIGN
122100,1,1,0,0,0,0,0,0,0.0,0.0,BENIGN
70937611,8,6,56,11601,20,4380,0,0,7.0,1933.5,DDoS
66,1,1,6,6,6,6,6,6,6.0,6.0,BENIGN
53,1,1,6,6,6,6,6,6,6.0,6.0,BENIGN
32378,3,6,26,11607,20,5840,0,0,8.666666667,1934.5,DDoS
18,2,0,12,0,6,0,6,0,6.0,0.0,BENIGN
82212479,6,9,11613,62,7215,20,0,0,1935.5,6.888888889,BENIGN
44530,3,6,26,11607,20,5840,0,0,8.666666667,1934.5,DDoS
1019678,3,6,26,11607,20,4380,0,0,8.666666667,1934.5,DDoS
2920932,5,0,30,0,6,0,6,0,6.0,0.0,DDoS
63,1,1,6,6,6,6,6,6,6.0,6.0,BENIGN
400952,3,6,26,11601,20,5840,0,0,8.666666667,1933.5,DDoS
9054709,5,0,30,0,6,0,6,0,6.0,0.0,DDoS
9492161,1,6,1375,30,1375,6,1375,0,1375.0,5.0,BENIGN
1781865,3,6,26,11607,20,4380,0,0,8.666666667,1934.5,DDoS
4045939,5,0,30,0,6,0,6,0,6.0,0.0,DDoS
2135093,5,0,30,0,6,0,6,0,6.0,0.0,DDoS
323549,4,0,24,0,6,0,6,0,6.0,0.0,DDoS
1448600,3,5,26,11607,20,5840,0,0,8.666666667,2321.4,DDoS
2576941,5,0,30,0,6,0,6,0,6.0,0.0,DDoS
532766,3,5,26,11607,20,5840,0,0,8.666666667,2321.4,DDoS
92300063,8,6,56,11601,20,4380,0,0,7.0,1933.5,DDoS
7763595,1,5,1375,24,1375,6,1375,0,1375.0,4.8,BENIGN
5227534,3,1,43,0,31,0,6,0,14.33333333,0.0,BENIGN
806015,3,5,26,11607,20,10135,0,0,8.666666667,2321.4,DDoS
582352,3,4,26,11607,20,11595,0,0,8.666666667,2901.75,DDoS
7150602,1,5,6,30,6,6,6,6,6.0,6.0,BENIGN
213,1,1,0,0,0,0,0,0,0.0,0.0,BENIGN
81986168,8,5,56,11607,20,7300,0,0,7.0,2321.4,DDoS
22192471,5,0,30,0,6,0,6,0,6.0,0.0,DDoS
251,2,2,76,484,38,242,38,242,38.0,242.0,BENIGN
1076478,3,5,26,11607,20,7215,0,0,8.666666667,2321.4,DDoS
97746058,8,5,56,11607,20,7215,0,0,7.0,2321.4,DDoS
421019,5,0,30,0,6,0,6,0,6.0,0.0,DDoS
623741,3,6,26,11607,20,5840,0,0,8.666666667,1934.5,DDoS
3992922,6,0,36,0,6,0,6,0,6.0,0.0,DDoS
1235566,3,6,26,11601,20,4380,0,0,8.666666667,1933.5,DDoS
1818330,3,4,26,11601,20,8760,0,0,8.666666667,2900.25,DDoS
1116543,4,0,24,0,6,0,6,0,6.0,0.0,DDoS
82506922,8,6,56,11607,20,4380,0,0,7.0,1934.5,DDoS
503242,13,15,2455,7971,1857,3665,0,0,188.8461538,531.4,BENIGN
99054293,8,6,56,11607,20,5840,0,0,7.0,1934.5,DDoS
3997910,5,0,30,0,6,0,6,0,6.0,0.0,DDoS
74990147,8,5,56,11601,20,7300,0,0,7.0,2320.2,DDoS
5051699,6,4,611,164,517,152,0,0,101.8333333,41.0,BENIGN
110836775,19,16,1289,524,1026,348,0,0,67.84210526,32.75,BENIGN
9261763,4,0,24,0,6,0,6,0,6.0,0.0,DDoS
918259,3,6,26,11607,20,4380,0,0,8.666666667,1934.5,DDoS
1465071,3,5,26,11607,20,8760,0,0,8.666666667,2321.4,DDoS
1918864,5,0,30,0,6,0,6,0,6.0,0.0,DDoS
18034,2,0,0,0,0,0,0,0,0.0,0.0,BENIGN
428098,3,5,26,11601,20,5840,0,0,8.666666667,2320.2,DDoS
1450659,3,4,26,11607,20,11595,0,0,8.666666667,2901.75,DDoS
78,1,2,6,12,6,6,6,6,6.0,6.0,BENIGN
77049954,8,6,56,11601,20,4380,0,0,7.0,1933.5,DDoS
687762,3,5,26,11607,20,7215,0,0,8.666666667,2321.4,DDoS
510520,9,8,5575,4808,4021,1460,0,0,619.4444444,601.0,BENIGN
60742,3,5,26,11607,20,10135,0,0,8.666666667,2321.4,DDoS
3325912,5,0,30,0,6,0,6,0,6.0,0.0,DDoS
394934,3,5,26,11601,20,4380,0,0,8.666666667,2320.2,DDoS
78468600,6,10,11613,68,5840,20,0,0,1935.5,6.8,BENIGN
39054,1,1,54,110,54,110,54,110,54.0,110.0,BENIGN
91423641,9,4,62,11601,20,8760,0,0,6.888888889,2900.25,DDoS
825184,3,5,26,11607,20,10135,0,0,8.666666667,2321.4,DDoS
126660,6,2,11607,26,10135,20,0,6,1934.5,13.0,BENIGN
845102,3,4,26,11601,20,8760,0,0,8.666666667,2900.25,DDoS
146232,2,1,12,6,6,6,6,6,6.0,6.0,BENIGN
3485587,1,5,1375,24,1375,6,1375,0,1375.0,4.8,BENIGN
5651030,8,5,377,3378,196,1460,0,0,47.125,675.6,BENIGN
11776723,4,0,24,0,6,0,6,0,6.0,0.0,DDoS
66,5,0,416,0,258,0,0,0,83.2,0.0,BENIGN
5911749,1,6,1375,30,1375,6,1375,0,1375.0,5.0,BENIGN
10055705,4,0,24,0,6,0,6,0,6.0,0.0,DDoS
78347420,5,10,11607,68,8760,20,0,0,2321.4,6.8,BENIGN
4048934,5,0,30,0,6,0,6,0,6.0,0.0,DDoS
152537,3,5,26,11607,20,7215,0,0,8.666666667,2321.4,DDoS
1633241,3,4,26,11601,20,8760,0,0,8.666666667,2900.25,DDoS
81169,2,0,12,0,6,0,6,0,6.0,0.0,BENIGN
70285,2,2,84,414,42,207,42,207,42.0,207.0,BENIGN
487775,2,5,20,11607,20,10135,0,0,10.0,2321.4,DDoS
1327500,3,6,26,11607,20,5840,0,0,8.666666667,1934.5,DDoS
5643909,4,0,24,0,6,0,6,0,6.0,0.0,DDoS
2575984,4,0,24,0,6,0,6,0,6.0,0.0,DDoS
21340,3,6,26,11601,20,2920,0,0,8.666666667,1933.5,DDoS
134557,3,5,26,11607,20,7300,0,0,8.666666667,2321.4,DDoS
97867894,8,5,56,11607,20,10135,0,0,7.0,2321.4,DDoS
87583172,6,9,11607,62,7300,20,0,0,1934.5,6.888888889,BENIGN
23137,1,1,41,69,41,69,41,69,41.0,69.0,BENIGN
102480699,9,2,62,6,20,6,0,0,6.888888889,3.0,DDoS
70539703,2,2,113,247,58,136,55,111,56.5,123.5,BENIGN
81474367,5,9,11607,62,10135,20,0,0,2321.4,6.888888889,BENIGN
19267,3,5,26,11601,20,4380,0,0,8.666666667,2320.2,DDoS
48540,2,2,52,84,26,42,26,42,26.0,42.0,BENIGN
15529,3,5,26,11601,20,7300,0,0,8.666666667,2320.2,DDoS
9730764,5,0,30,0,6,0,6,0,6.0,0.0,DDoS
161,2,2,66,98,33,49,33,49,33.0,49.0,BENIGN
112301662,44,22,8866,1584,403,72,0,72,201.5,72.0,BENIGN
5824723,8,7,361,5090,213,1432,0,0,45.125,727.1428571,BENIGN
31826,3,4,26,11601,20,8675,0,0,8.666666667,2900.25,DDoS
1883623,3,5,26,11607,20,7215,0,0,8.666666667,2321.4,DDoS
279842,3,5,26,11601,20,5840,0,0,8.666666667,2320.2,DDoS
18622,2,0,12,0,6,0,6,0,6.0,0.0,BENIGN
3915129,4,0,24,0,6,0,6,0,6.0,0.0,DDoS
118,1,1,0,0,0,0,0,0,0.0,0.0,BENIGN
5906618,4,0,24,0,6,0,6,0,6.0,0.0,DDoS
188,2,2,98,194,49,97,49,97,49.0,97.0,BENIGN
81047174,5,10,11607,68,8760,20,0,0,2321.4,6.8,BENIGN
61174,3,5,26,11607,20,7300,0,0,8.666666667,2321.4,DDoS
73708588,9,4,62,11601,20,8760,0,0,6.888888889,2900.25,DDoS
7409839,6,0,36,0,6,0,6,0,6.0,0.0,DDoS
9942731,5,0,30,0,6,0,6,0,6.0,0.0,DDoS
34783,3,1,88,6,51,6,6,6,29.33333333,6.0,BENIGN
3866980,1,6,6,36,6,6,6,6,6.0,6.0,BENIGN
247,2,2,168,424,84,212,84,212,84.0,212.0,BENIGN
83909953,2,2,107,346,60,231,47,115,53.5,173.0,BENIGN
272,2,2,64,258,32,129,32,129,32.0,129.0,BENIGN
200,2,2,88,200,44,100,44,100,44.0,100.0,BENIGN
540856,3,5,26,11601,20,5840,0,0,8.666666667,2320.2,DDoS
5117549,3,1,12,0,6,0,0,0,4.0,0.0,BENIGN
65105828,31,16,13072,5115,821,341,0,0,421.6774194,319.6875,BENIGN
24821290,4,0,24,0,6,0,6,0,6.0,0.0,DDoS
1108623,3,5,26,11607,20,7300,0,0,8.666666667,2321.4,DDoS
73855097,7,10,11613,68,5840,20,0,0,1659.0,6.8,BENIGN
8113948,4,0,24,0,6,0,6,0,6.0,0.0,DDoS
6213826,5,0,30,0,6,0,6,0,6.0,0.0,DDoS
8512742,7,6,50,11601,20,5840,0,0,7.142857143,1933.5,DDoS
1579317,3,6,26,11607,20,5840,0,0,8.666666667,1934.5,DDoS
537477,6,2,11607,26,10135,20,0,6,1934.5,13.0,BENIGN
8407792,4,0,24,0,6,0,6,0,6.0,0.0,DDoS
183,2,2,48,112,24,56,24,56,24.0,56.0,BENIGN
161054,1,1,50,181,50,181,50,181,50.0,181.0,BENIGN
266884,3,6,26,11607,20,5840,0,0,8.666666667,1934.5,DDoS
151,1,1,0,0,0,0,0,0,0.0,0.0,BENIGN
996952,3,7,26,11607,20,4380,0,0,8.666666667,1658.142857,DDoS
268,2,1,37,6,31,6,6,6,18.5,6.0,BENIGN
194657,3,4,26,11607,20,11595,0,0,8.666666667,2901.75,DDoS
814734,3,6,26,11607,20,5840,0,0,8.666666667,1934.5,DDoS
568986,3,5,26,11607,20,10135,0,0,8.666666667,2321.4,DDoS
395369,3,6,26,11601,20,4380,0,0,8.666666667,1933.5,DDoS
166,2,2,72,104,36,52,36,52,36.0,52.0,BENIGN
1293324,3,6,26,11607,20,5840,0,0,8.666666667,1934.5,DDoS
36308,3,5,26,11601,20,5840,0,0,8.666666667,2320.2,DDoS
1002668,3,6,26,11607,20,5840,0,0,8.666666667,1934.5,DDoS
172,2,2,62,228,31,114,31,114,31.0,114.0,BENIGN
296417,5,2,11607,26,11595,20,0,6,2321.4,13.0,BENIGN
1163042,3,6,26,11607,20,5840,0,0,8.666666667,1934.5,DDoS
48969,1,1,50,264,50,264,50,264,50.0,264.0,BENIGN
128786,3,5,26,11607,20,7215,0,0,8.666666667,2321.4,DDoS
799712,3,6,26,11601,20,5840,0,0,8.666666667,1933.5,DDoS
3103,2,0,0,0,0,0,0,0,0.0,0.0,BENIGN
27169,4,2,26,11601,20,11595,0,6,6.5,5800.5,DDoS
7964404,1,5,1375,24,1375,6,1375,0,1375.0,4.8,BENIGN
117480230,22,19,2255,4482,433,746,0,0,102.5,235.8947368,BENIGN
8039786,5,0,30,0,6,0,6,0,6.0,0.0,DDoS
8084434,5,0,30,0,6,0,6,0,6.0,0.0,DDoS
1260546,4,0,24,0,6,0,6,0,6.0,0.0,DDoS
232,2,2,64,258,32,129,32,129,32.0,129.0,BENIGN
49,2,0,12,0,6,0,6,0,6.0,0.0,BENIGN
1329114,3,5,26,11607,20,8760,0,0,8.666666667,2321.4,DDoS
1050634,3,5,26,11607,20,5840,0,0,8.666666667,2321.4,DDoS
5467973,4,0,24,0,6,0,6,0,6.0,0.0,DDoS
5988779,1,5,6,30,6,6,6,6,6.0,6.0,BENIGN
8719656,5,0,30,0,6,0,6,0,6.0,0.0,DDoS
1302257,3,5,26,11601,20,7300,0,0,8.666666667,2320.2,DDoS
119938126,20,16,3752,2365,1052,1108,0,0,187.6,147.8125,BENIGN
7795843,5,0,30,0,6,0,6,0,6.0,0.0,DDoS
156005,3,4,26,11601,20,8760,0,0,8.666666667,2900.25,DDoS
4154198,4,0,24,0,6,0,6,0,6.0,0.0,DDoS
3964911,4,0,24,0,6,0,6,0,6.0,0.0,DDoS
5301345,1,6,6,36,6,6,6,6,6.0,6.0,BENIGN
521312,3,4,26,11601,20,7215,0,0,8.666666667,2900.25,DDoS
4008014,1,1,6,31,6,31,6,31,6.0,31.0,BENIGN
635130,3,6,26,11607,20,4380,0,0,8.666666667,1934.5,DDoS
94973,3,5,26,11607,20,5840,0,0,8.666666667,2321.4,DDoS
98648324,6,9,11613,62,7215,20,0,0,1935.5,6.888888889,BENIGN
2534949,5,0,30,0,6,0,6,0,6.0,0.0,DDoS
87895554,8,5,56,11601,20,5840,0,0,7.0,2320.2,DDoS
31091,1,1,51,112,51,112,51,112,51.0,112.0,BENIGN
884298,3,6,26,11601,20,2920,0,0,8.666666667,1933.5,DDoS
1820301,3,4,26,11601,20,8675,0,0,8.666666667,2900.25,DDoS
24318,1,1,47,63,47,63,47,63,47.0,63.0,BENIGN
533794,3,5,26,11607,20,7215,0,0,8.666666667,2321.4,DDoS
102081019,8,5,56,11601,20,8760,0,0,7.0,2320.2,DDoS
490399,6,8,1160,6434,830,1782,0,2,193.3333333,804.25,BENIGN
73919,4,4,168,408,42,102,42,102,42.0,102.0,BENIGN
706835,3,5,26,11607,20,10135,0,0,8.666666667,2321.4,DDoS
92414440,8,4,56,11607,20,11595,0,0,7.0,2901.75,DDoS
60467,1,1,58,186,58,186,58,186,58.0,186.0,BENIGN
6253,2,0,0,0,0,0,0,0,0.0,0.0,BENIGN
8820806,5,0,30,0,6,0,6,0,6.0,0.0,DDoS
46016,3,5,26,11601,20,5840,0,0,8.666666667,2320.2,DDoS
11339315,5,0,30,0,6,0,6,0,6.0,0.0,DDoS
9961792,4,0,24,0,6,0,6,0,6.0,0.0,DDoS
2716248,4,0,24,0,6,0,6,0,6.0,0.0,DDoS
288060,3,5,26,11601,20,5840,0,0,8.666666667,2320.2,DDoS
199,2,0,12,0,6,0,6,0,6.0,0.0,BENIGN
158479,3,5,26,11607,20,7215,0,0,8.666666667,2321.4,DDoS
303,2,2,64,204,32,102,32,102,32.0,102.0,BENIGN
49013,3,5,26,11601,20,4380,0,0,8.666666667,2320.2,DDoS
147972,3,5,26,11601,20,4380,0,0,8.666666667,2320.2,DDoS
5835005,5,0,30,0,6,0,6,0,6.0,0.0,DDoS
26329,3,5,26,11601,20,7300,0,0,8.666666667,2320.2,DDoS
943616,3,6,26,11607,20,5840,0,0,8.666666667,1934.5,DDoS
222070,1,5,6,30,6,6,6,6,6.0,6.0,BENIGN
7454818,4,0,24,0,6,0,6,0,6.0,0.0,DDoS
1078061,3,6,26,11607,20,4380,0,0,8.666666667,1934.5,DDoS
91637265,8,7,56,11601,20,4380,0,0,7.0,1657.285714,DDoS
514956,3,5,26,11601,20,5840,0,0,8.666666667,2320.2,DDoS
76050,2,2,76,190,38,95,38,95,38.0,95.0,BENIGN
779359,3,7,26,11601,20,4380,0,0,8.666666667,1657.285714,DDoS
201237,4,2,140,414,35,207,35,207,35.0,207.0,BENIGN
24439,4,4,160,224,40,56,40,56,40.0,56.0,BENIGN
17223,3,6,26,11607,20,5840,0,0,8.666666667,1934.5,DDoS
32481,3,6,26,11601,20,5840,0,0,8.666666667,1933.5,DDoS
1,2,0,12,0,6,0,6,0,6.0,0.0,BENIGN
215,2,2,64,258,32,129,32,129,32.0,129.0,BENIGN
166,2,2,66,98,33,49,33,49,33.0,49.0,BENIGN
1876242,3,5,26,11607,20,5840,0,0,8.666666667,2321.4,DDoS
168463,3,4,26,11601,20,8675,0,0,8.666666667,2900.25,DDoS
77219592,8,6,56,11601,20,5840,0,0,7.0,1933.5,DDoS
975930,3,5,26,11601,20,8760,0,0,8.666666667,2320.2,DDoS
24106,2,2,60,158,30,79,30,79,30.0,79.0,BENIGN
4072473,1,5,6,30,6,6,6,6,6.0,6.0,BENIGN
205,2,2,64,204,32,102,32,102,32.0,102.0,BENIGN
209312,3,6,26,11601,20,4380,0,0,8.666666667,1933.5,DDoS
193661,3,5,26,11607,20,10135,0,0,8.666666667,2321.4,DDoS
83786349,8,5,56,11607,20,8760,0,0,7.0,2321.4,DDoS
71323741,8,5,56,11607,20,10135,0,0,7.0,2321.4,DDoS
713221,3,6,26,11607,20,5840,0,0,8.666666667,1934.5,DDoS
8123339,5,0,30,0,6,0,6,0,6.0,0.0,DDoS
275,2,2,84,228,42,114,42,114,42.0,114.0,BENIGN
76841643,8,6,56,11601,20,5840,0,0,7.0,1933.5,DDoS
1822280,3,5,26,11607,20,10135,0,0,8.666666667,2321.4,DDoS
10654864,1,5,6,30,6,6,6,6,6.0,6.0,BENIGN
590557,3,6,26,11607,20,5840,0,0,8.666666667,1934.5,DDoS
746160,3,4,26,11607,20,11595,0,0,8.666666667,2901.75,DDoS
2047991,4,0,24,0,6,0,6,0,6.0,0.0,DDoS
6738516,1,5,6,30,6,6,6,6,6.0,6.0,BENIGN
7922610,9,7,905,4774,342,1589,0,0,100.5555556,682.0,BENIGN
10127757,5,0,30,0,6,0,6,0,6.0,0.0,DDoS
426173,3,4,26,11601,20,5840,0,0,8.666666667,2900.25,DDoS
9859053,7,8,11613,56,5840,20,0,0,1659.0,7.0,BENIGN
71473763,8,6,56,11607,20,5755,0,0,7.0,1934.5,DDoS
1397885,3,6,26,11607,20,4380,0,0,8.666666667,1934.5,DDoS
1907947,4,0,24,0,6,0,6,0,6.0,0.0,DDoS
210,2,2,64,204,32,102,32,102,32.0,102.0,BENIGN
50282,1,1,44,72,44,72,44,72,44.0,72.0,BENIGN
301766,3,4,26,11601,20,8760,0,0,8.666666667,2900.25,DDoS
160833,3,4,26,11601,20,7215,0,0,8.666666667,2900.25,DDoS
79025029,8,6,56,11601,20,4380,0,0,7.0,1933.5,DDoS
5491776,5,0,30,0,6,0,6,0,6.0,0.0,DDoS
50440,2,2,82,138,41,69,41,69,41.0,69.0,BENIGN
638439,3,5,26,11607,20,8675,0,0,8.666666667,2321.4,DDoS
691499,3,5,26,11607,20,8760,0,0,8.666666667,2321.4,DDoS
730338,3,5,26,11607,20,5840,0,0,8.666666667,2321.4,DDoS
1,2,0,12,0,6,0,6,0,6.0,0.0,BENIGN
155761,3,6,26,11601,20,2920,0,0,8.666666667,1933.5,DDoS
7624295,1,6,6,36,6,6,6,6,6.0,6.0,BENIGN
446772,3,6,26,11607,20,5840,0,0,8.666666667,1934.5,DDoS
167,2,2,104,178,52,89,52,89,52.0,89.0,BENIGN
91030508,9,5,62,11607,20,7300,0,0,6.888888889,2321.4,DDoS
9477932,4,0,24,0,6,0,6,0,6.0,0.0,DDoS
163108,3,7,26,11607,20,4380,0,0,8.666666667,1658.142857,DDoS
859561,1,6,6,36,6,6,6,6,6.0,6.0,BENIGN
23251,1,1,45,61,45,61,45,61,45.0,61.0,BENIGN
3387349,4,0,24,0,6,0,6,0,6.0,0.0,DDoS
631414,3,4,26,11601,20,8760,0,0,8.666666667,2900.25,DDoS
196,2,2,102,134,51,67,51,67,51.0,67.0,BENIGN
115567958,16,14,514,1780,430,1774,0,0,32.125,127.1428571,BENIGN
8807776,5,0,30,0,6,0,6,0,6.0,0.0,DDoS
1790407,3,5,26,11607,20,8675,0,0,8.666666667,2321.4,DDoS
6016435,1,5,6,30,6,6,6,6,6.0,6.0,BENIGN
479591,3,6,26,11607,20,5840,0,0,8.666666667,1934.5,DDoS
1662546,3,4,26,11607,20,11595,0,0,8.666666667,2901.75,DDoS
7712529,4,0,24,0,6,0,6,0,6.0,0.0,DDoS
8195836,4,0,24,0,6,0,6,0,6.0,0.0,DDoS
4102893,4,0,24,0,6,0,6,0,6.0,0.0,DDoS
138,2,2,66,98,33,49,33,49,33.0,49.0,BENIGN
40663,3,6,26,11607,20,4380,0,0,8.666666667,1934.5,DDoS
1234312,4,3,11601,26,8760,20,0,0,2900.25,8.666666667,BENIGN
3134950,4,0,24,0,6,0,6,0,6.0,0.0,DDoS
5724072,9,5,343,3117,186,1618,0,0,38.11111111,623.4,BENIGN
87543999,8,5,56,11601,20,7300,0,0,7.0,2320.2,DDoS
1435119,39,46,2646,7062,408,976,0,0,67.84615385,153.5217391,BENIGN
339,2,0,0,0,0,0,0,0,0.0,0.0,BENIGN
1217123,3,5,26,11601,20,4380,0,0,8.666666667,2320.2,DDoS
68,2,0,12,0,6,0,6,0,6.0,0.0,BENIGN
89835,4,2,144,196,36,98,36,98,36.0,98.0,BENIGN
5669885,4,0,24,0,6,0,6,0,6.0,0.0,DDoS
6185888,4,0,24,0,6,0,6,0,6.0,0.0,DDoS
50306,2,2,62,168,31,84,31,84,31.0,84.0,BENIGN
81920173,8,6,56,11607,20,5840,0,0,7.0,1934.5,DDoS
137958,3,4,26,11601,20,5840,0,0,8.666666667,2900.25,DDoS
12136374,1,5,6,30,6,6,6,6,6.0,6.0,BENIGN
71258771,7,9,11613,62,5840,20,0,0,1659.0,6.888888889,BENIGN
2384338,4,0,24,0,6,0,6,0,6.0,0.0,DDoS
60540,2,2,76,236,38,118,38,118,38.0,118.0,BENIGN
163,2,0,12,0,6,0,6,0,6.0,0.0,BENIGN
320551,6,6,951,887,517,705,0,2,158.5,147.8333333,BENIGN
71271957,9,5,62,11607,20,7215,0,0,6.888888889,2321.4,DDoS
78434637,6,9,12982,56,5840,20,0,0,2163.666667,6.222222222,BENIGN
1326246,3,5,26,11607,20,5840,0,0,8.666666667,2321.4,DDoS
514913,3,4,26,11601,20,8760,0,0,8.666666667,2900.25,DDoS
70340590,5,9,11607,62,5840,20,0,0,2321.4,6.888888889,BENIGN
8105789,4,0,24,0,6,0,6,0,6.0,0.0,DDoS
500566,3,5,26,11601,20,8760,0,0,8.666666667,2320.2,DDoS
72224307,8,6,56,11601,20,5840,0,0,7.0,1933.5,DDoS
1818108,3,4,26,11607,20,11595,0,0,8.666666667,2901.75,DDoS
216862,3,6,26,11607,20,4380,0,0,8.666666667,1934.5,DDoS
472344,3,4,26,11601,20,10135,0,0,8.666666667,2900.25,DDoS
1591844,3,6,26,11607,20,5840,0,0,8.666666667,1934.5,DDoS
1698824,3,4,26,11607,20,11595,0,0,8.666666667,2901.75,DDoS
6039799,4,0,24,0,6,0,6,0,6.0,0.0,DDoS
234,2,0,12,0,6,0,6,0,6.0,0.0,BENIGN
1777214,3,6,26,11601,20,4380,0,0,8.666666667,1933.5,DDoS
37153,4,9,5852,6,4380,6,6,0,1463.0,0.666666667,BENIGN
5792744,7,4,635,168,517,168,0,0,90.71428571,42.0,BENIGN
91628505,8,4,56,11601,20,8760,0,0,7.0,2900.25,DDoS
891505,3,5,26,11607,20,8760,0,0,8.666666667,2321.4,DDoS
117483582,77,74,1316,86623,479,2836,0,0,17.09090909,1170.581081,BENIGN
74284,2,2,90,266,45,133,45,133,45.0,133.0,BENIGN
625919,3,5,26,11607,20,7215,0,0,8.666666667,2321.4,DDoS
19514,3,4,26,11601,20,8760,0,0,8.666666667,2900.25,DDoS
1670652,3,5,26,11607,20,7300,0,0,8.666666667,2321.4,DDoS
80273967,8,6,56,11601,20,4380,0,0,7.0,1933.5,DDoS
93626759,6,10,11607,68,7300,20,0,0,1934.5,6.8,BENIGN
8936250,1,5,6,30,6,6,6,6,6.0,6.0,BENIGN
7550819,4,0,24,0,6,0,6,0,6.0,0.0,DDoS
848041,3,4,26,11607,20,11595,0,0,8.666666667,2901.75,DDoS
1792683,3,5,26,11607,20,7215,0,0,8.666666667,2321.4,DDoS
11960092,3,0,0,0,0,0,0,0,0.0,0.0,BENIGN
5137042,8,5,373,3118,192,1601,0,0,46.625,623.6,BENIGN
62186,3,7,26,11607,20,4380,0,0,8.666666667,1658.142857,DDoS
73533637,9,4,62,11601,20,7215,0,0,6.888888889,2900.25,DDoS
24162,1,1,62,132,62,132,62,132,62.0,132.0,BENIGN
1868811,3,6,26,11601,20,4380,0,0,8.666666667,1933.5,DDoS
96955959,8,4,56,11607,20,11595,0,0,7.0,2901.75,DDoS
89404262,8,4,56,11607,20,11595,0,0,7.0,2901.75,DDoS
23379,1,1,41,114,41,114,41,114,41.0,114.0,BENIGN
6099233,4,0,24,0,6,0,6,0,6.0,0.0,DDoS
448792,3,4,26,11601,20,10135,0,0,8.666666667,2900.25,DDoS
589839,3,6,26,11607,20,5840,0,0,8.666666667,1934.5,DDoS
1116742,3,6,26,11601,20,4380,0,0,8.666666667,1933.5,DDoS
507743,3,4,26,11601,20,8760,0,0,8.666666667,2900.25,DDoS
9584521,1,5,6,30,6,6,6,6,6.0,6.0,BENIGN
24256,7,2,11601,26,4380,20,0,6,1657.285714,13.0,BENIGN
97632989,6,9,11607,62,7300,20,0,0,1934.5,6.888888889,BENIGN
8476560,1,6,6,36,6,6,6,6,6.0,6.0,BENIGN
126846,3,4,26,11601,20,8675,0,0,8.666666667,2900.25,DDoS
136644,3,5,26,11607,20,10135,0,0,8.666666667,2321.4,DDoS
161,2,2,66,98,33,49,33,49,33.0,49.0,BENIGN
95446862,8,9,12976,56,4380,20,0,0,1622.0,6.222222222,BENIGN
31098,4,4,168,568,42,142,42,142,42.0,142.0,BENIGN
1864343,3,5,26,11607,20,5840,0,0,8.666666667,2321.4,DDoS
79447252,8,6,56,11601,20,4380,0,0,7.0,1933.5,DDoS
7021835,4,0,24,0,6,0,6,0,6.0,0.0,DDoS
23937,3,4,26,11601,20,8760,0,0,8.666666667,2900.25,DDoS
5623960,8,6,374,4873,193,1689,0,0,46.75,812.1666667,BENIGN
182472,3,4,26,11607,20,11595,0,0,8.666666667,2901.75,DDoS
6155854,4,0,24,0,6,0,6,0,6.0,0.0,DDoS
61083,4,2,152,236,38,118,38,118,38.0,118.0,BENIGN
39128,3,5,26,11607,20,10135,0,0,8.666666667,2321.4,DDoS
51033,3,4,26,11601,20,8760,0,0,8.666666667,2900.25,DDoS
278,2,2,68,280,34,140,34,140,34.0,140.0,BENIGN
89419452,8,5,56,11601,20,5840,0,0,7.0,2320.2,DDoS
120,1,2,6,12,6,6,6,6,6.0,6.0,BENIGN
13506,2,0,0,0,0,0,0,0,0.0,0.0,BENIGN
1606690,3,5,26,11607,20,10135,0,0,8.666666667,2321.4,DDoS
99814,3,6,26,11601,20,4380,0,0,8.666666667,1933.5,DDoS
116214,3,5,26,11601,20,4380,0,0,8.666666667,2320.2,DDoS
380,2,2,66,164,33,82,33,82,33.0,82.0,BENIGN
155,2,0,12,0,6,0,6,0,6.0,0.0,BENIGN
10385746,5,0,30,0,6,0,6,0,6.0,0.0,DDoS
10184757,4,0,24,0,6,0,6,0,6.0,0.0,DDoS
7756584,7,8,11613,56,4380,20,0,0,1659.0,7.0,BENIGN
63,1,1,6,6,6,6,6,6,6.0,6.0,BENIGN
4117349,1,5,6,30,6,6,6,6,6.0,6.0,BENIGN
10423705,5,0,30,0,6,0,6,0,6.0,0.0,DDoS
373327,3,6,26,11607,20,5840,0,0,8.666666667,1934.5,DDoS
183431,4,0,24,0,6,0,6,0,6.0,0.0,DDoS
215,2,2,64,258,32,129,32,129,32.0,129.0,BENIGN
6011868,1,5,6,30,6,6,6,6,6.0,6.0,BENIGN
237290,3,5,26,11607,20,10220,0,0,8.666666667,2321.4,DDoS
71735671,6,10,11613,68,10135,20,0,0,1935.5,6.8,BENIGN
81265161,5,9,11613,62,11595,20,0,0,2322.6,6.888888889,BENIGN
8193691,5,0,30,0,6,0,6,0,6.0,0.0,DDoS
208,2,0,12,0,6,0,6,0,6.0,0.0,BENIGN
6032708,1,6,6,36,6,6,6,6,6.0,6.0,BENIGN
4019165,1,5,6,30,6,6,6,6,6.0,6.0,BENIGN
5682265,4,0,24,0,6,0,6,0,6.0,0.0,DDoS
140,2,2,62,94,31,47,31,47,31.0,47.0,BENIGN
63565,2,1,38,6,38,6,0,6,19.0,6.0,BENIGN
82775725,8,6,56,11601,20,4380,0,0,7.0,1933.5,DDoS
4920607,1,6,6,36,6,6,6,6,6.0,6.0,BENIGN
8083777,5,0,30,0,6,0,6,0,6.0,0.0,DDoS
4,2,0,0,0,0,0,0,0,0.0,0.0,BENIGN
48,2,0,12,0,6,0,6,0,6.0,0.0,BENIGN
1109925,3,4,26,11601,20,8760,0,0,8.666666667,2900.25,DDoS
3302945,5,0,30,0,6,0,6,0,6.0,0.0,DDoS
1411892,4,0,24,0,6,0,6,0,6.0,0.0,DDoS
95547533,9,5,62,11607,20,7215,0,0,6.888888889,2321.4,DDoS
106435,5,0,30,0,6,0,6,0,6.0,0.0,DDoS
785012,3,6,26,11607,20,5840,0,0,8.666666667,1934.5,DDoS
90334929,8,5,56,11601,20,7215,0,0,7.0,2320.2,DDoS
285,3,1,43,6,31,6,6,6,14.33333333,6.0,BENIGN
9042761,5,0,30,0,6,0,6,0,6.0,0.0,DDoS
89138894,8,4,56,11601,20,8760,0,0,7.0,2900.25,DDoS
2584084,5,0,30,0,6,0,6,0,6.0,0.0,DDoS
392561,3,6,26,11607,20,5840,0,0,8.666666667,1934.5,DDoS
8267823,4,0,24,0,6,0,6,0,6.0,0.0,DDoS
8110949,1,6,1375,30,1375,6,1375,0,1375.0,5.0,BENIGN
6783144,5,0,30,0,6,0,6,0,6.0,0.0,DDoS
1,2,0,59,0,53,0,6,0,29.5,0.0,BENIGN
119377591,15,12,1218,5734,563,2920,0,0,81.2,477.8333333,BENIGN
100209252,8,4,56,11601,20,8760,0,0,7.0,2900.25,DDoS
1004147,3,3,0,18,0,6,0,6,0.0,6.0,BENIGN
8033161,8,4,56,11607,20,11595,0,0,7.0,2901.75,DDoS
66256,4,2,128,232,32,116,32,116,32.0,116.0,BENIGN
535553,3,6,26,11607,20,5840,0,0,8.666666667,1934.5,DDoS
96016179,8,6,56,11607,20,4380,0,0,7.0,1934.5,DDoS
119972871,129,199,9194,272091,2388,2920,0,0,71.27131783,1367.291457,BENIGN
72917065,8,4,56,11607,20,11595,0,0,7.0,2901.75,DDoS
871965,3,6,26,11601,20,5840,0,0,8.666666667,1933.5,DDoS
840820,3,5,26,11607,20,7215,0,0,8.666666667,2321.4,DDoS
19677055,13,12,3254,4401,2056,1588,0,0,250.3076923,366.75,BENIGN
4514886,5,0,30,0,6,0,6,0,6.0,0.0,DDoS
24013,2,2,72,104,36,52,36,52,36.0,52.0,BENIGN
72261608,8,4,56,11601,20,8760,0,0,7.0,2900.25,DDoS
1641470,4,1,49,0,31,0,6,0,12.25,0.0,BENIGN
11285413,1,5,6,30,6,6,6,6,6.0,6.0,BENIGN
2084082,5,0,30,0,6,0,6,0,6.0,0.0,DDoS
96858973,8,5,56,11607,20,10135,0,0,7.0,2321.4,DDoS
2539974,4,0,24,0,6,0,6,0,6.0,0.0,DDoS
2334985,5,0,30,0,6,0,6,0,6.0,0.0,DDoS
214,2,2,64,96,32,48,32,48,32.0,48.0,BENIGN
171,2,2,86,118,43,59,43,59,43.0,59.0,BENIGN
260811,2,0,12,0,6,0,6,0,6.0,0.0,BENIGN
117285029,13,10,610,4643,188,4127,0,0,46.92307692,464.3,BENIGN
5083893,4,0,24,0,6,0,6,0,6.0,0.0,DDoS
8147629,5,0,30,0,6,0,6,0,6.0,0.0,DDoS
457650,3,4,657,421,657,421,0,0,219.0,105.25,BENIGN
61847,2,2,60,344,30,172,30,172,30.0,172.0,BENIGN
5403786,1,6,6,36,6,6,6,6,6.0,6.0,BENIGN
1111114,3,4,26,11607,20,11595,0,0,8.666666667,2901.75,DDoS
73851381,8,6,56,11607,20,4380,0,0,7.0,1934.5,DDoS
49,1,1,0,0,0,0,0,0,0.0,0.0,BENIGN
105946,3,5,26,11607,20,7215,0,0,8.666666667,2321.4,DDoS
1683499,3,6,26,11601,20,5840,0,0,8.666666667,1933.5,DDoS
567727,3,5,26,11607,20,5840,0,0,8.666666667,2321.4,DDoS
9898691,1,5,6,30,6,6,6,6,6.0,6.0,BENIGN
823171,3,4,26,11607,20,11595,0,0,8.666666667,2901.75,DDoS
43,1,1,6,6,6,6,6,6,6.0,6.0,BENIGN
81916660,9,6,62,11607,20,5840,0,0,6.888888889,1934.5,DDoS
1319288,3,5,26,11607,20,7300,0,0,8.666666667,2321.4,DDoS
182,2,2,70,102,35,51,35,51,35.0,51.0,BENIGN
427972,3,5,26,11607,20,7300,0,0,8.666666667,2321.4,DDoS
272,2,2,82,254,41,127,41,127,41.0,127.0,BENIGN
60658,1,1,42,106,42,106,42,106,42.0,106.0,BENIGN
862280,3,5,26,11601,20,7300,0,0,8.666666667,2320.2,DDoS
1301078,5,0,30,0,6,0,6,0,6.0,0.0,DDoS
48804,4,2,156,242,39,121,39,121,39.0,121.0,BENIGN
186937,3,4,26,11607,20,11595,0,0,8.666666667,2901.75,DDoS
1868469,3,6,26,11607,20,5840,0,0,8.666666667,1934.5,DDoS
37016,3,6,26,11607,20,4380,0,0,8.666666667,1934.5,DDoS
9896514,4,3,393,982,381,976,0,0,98.25,327.3333333,BENIGN
133,1,1,6,6,6,6,6,6,6.0,6.0,BENIGN
96901500,8,10,11613,68,4380,20,0,0,1451.625,6.8,BENIGN
10118774,4,0,24,0,6,0,6,0,6.0,0.0,DDoS
7528792,5,0,30,0,6,0,6,0,6.0,0.0,DDoS
11858120,1,6,1375,30,1375,6,1375,0,1375.0,5.0,BENIGN
9995730,4,0,24,0,6,0,6,0,6.0,0.0,DDoS
1814347,3,6,26,11601,20,4380,0,0,8.666666667,1933.5,DDoS
4828259,5,0,30,0,6,0,6,0,6.0,0.0,DDoS
177,2,2,64,162,32,81,32,81,32.0,81.0,BENIGN
97885745,8,6,56,11601,20,5840,0,0,7.0,1933.5,DDoS
518106,3,4,26,11601,20,8760,0,0,8.666666667,2900.25,DDoS
1152527,1,6,1375,30,1375,6,1375,0,1375.0,5.0,BENIGN
75186,3,5,26,11601,20,8760,0,0,8.666666667,2320.2,DDoS
10188740,5,0,30,0,6,0,6,0,6.0,0.0,DDoS
1166371,3,5,26,11607,20,10135,0,0,8.666666667,2321.4,DDoS
93982528,9,4,62,11601,20,7215,0,0,6.888888889,2900.25,DDoS
1830105,3,6,26,11607,20,5840,0,0,8.666666667,1934.5,DDoS
5879846,4,0,24,0,6,0,6,0,6.0,0.0,DDoS
82180714,7,9,11613,62,4380,20,0,0,1659.0,6.888888889,BENIGN
574052,3,5,26,11607,20,10135,0,0,8.666666667,2321.4,DDoS
1158036,2,5,20,11601,20,5840,0,0,10.0,2320.2,DDoS
38692,3,4,26,11601,20,8760,0,0,8.666666667,2900.25,DDoS
1706712,3,5,26,11601,20,4380,0,0,8.666666667,2320.2,DDoS
30367,1,1,56,84,56,84,56,84,56.0,84.0,BENIGN
7643800,4,0,24,0,6,0,6,0,6.0,0.0,DDoS
2012616,5,0,30,0,6,0,6,0,6.0,0.0,DDoS
908388,3,5,26,11607,20,10135,0,0,8.666666667,2321.4,DDoS
3882251,1,5,6,30,6,6,6,6,6.0,6.0,BENIGN
63017,2,2,60,264,30,132,30,132,30.0,132.0,BENIGN
244,2,2,72,104,36,52,36,52,36.0,52.0,BENIGN
13111,3,4,26,11601,20,8675,0,0,8.666666667,2900.25,DDoS
10874579,1,6,6,36,6,6,6,6,6.0,6.0,BENIGN
78488523,8,7,56,11601,20,5840,0,0,7.0,1657.285714,DDoS
10129372,1,6,6,36,6,6,6,6,6.0,6.0,BENIGN
1255444,3,4,26,11601,20,7215,0,0,8.666666667,2900.25,DDoS
10094687,1,5,6,30,6,6,6,6,6.0,6.0,BENIGN
71283,1,1,49,161,49,161,49,161,49.0,161.0,BENIGN
1150446,3,5,26,11607,20,10135,0,0,8.666666667,2321.4,DDoS
1400928,3,5,26,11607,20,7215,0,0,8.666666667,2321.4,DDoS
117148317,18,15,952,3566,431,1780,0,0,52.88888889,237.7333333,BENIGN
75,1,1,0,0,0,0,0,0,0.0,0.0,BENIGN
35503,3,4,26,11601,20,8760,0,0,8.666666667,2900.25,DDoS
202586,3,5,26,11601,20,4380,0,0,8.666666667,2320.2,DDoS
88916,3,5,26,11607,20,7215,0,0,8.666666667,2321.4,DDoS
100187482,8,5,56,11607,20,10135,0,0,7.0,2321.4,DDoS
12742,3,5,26,11601,20,5840,0,0,8.666666667,2320.2,DDoS
11357057,4,0,24,0,6,0,6,0,6.0,0.0,DDoS
1075728,3,5,26,11607,20,7215,0,0,8.666666667,2321.4,DDoS
12078696,5,0,30,0,6,0,6,0,6.0,0.0,DDoS
56870066,63,73,9616,105255,812,2920,0,0,152.6349206,1441.849315,BENIGN
892546,3,5,26,11607,20,10135,0,0,8.666666667,2321.4,DDoS
251150,7,2,11601,26,5840,20,0,6,1657.285714,13.0,BENIGN
41397,3,4,26,11601,20,8760,0,0,8.666666667,2900.25,DDoS
297885,3,4,26,11601,20,8760,0,0,8.666666667,2900.25,DDoS
396914,2,5,20,11601,20,5755,0,0,10.0,2320.2,DDoS
61,1,3,6,18,6,6,6,6,6.0,6.0,BENIGN
183,2,2,76,108,38,54,38,54,38.0,54.0,BENIGN
83823609,6,10,11607,68,5840,20,0,0,1934.5,6.8,BENIGN
86707,2,2,88,200,44,100,44,100,44.0,100.0,BENIGN
98881646,7,10,11607,68,4380,20,0,0,1658.142857,6.8,BENIGN
19616,3,6,26,11601,20,4380,0,0,8.666666667,1933.5,DDoS
76245834,8,5,56,11601,20,5840,0,0,7.0,2320.2,DDoS
6797517,4,0,24,0,6,0,6,0,6.0,0.0,DDoS
614445,3,5,26,11607,20,10135,0,0,8.666666667,2321.4,DDoS
97852470,5,9,11607,62,7215,20,0,0,2321.4,6.888888889,BENIGN
76862,3,5,26,11601,20,4380,0,0,8.666666667,2320.2,DDoS
1737342,3,4,26,11607,20,11595,0,0,8.666666667,2901.75,DDoS
30826445,61,78,2477,99526,597,2073,0,0,40.60655738,1275.974359,BENIGN
4587905,5,0,30,0,6,0,6,0,6.0,0.0,DDoS
7277830,4,0,24,0,6,0,6,0,6.0,0.0,DDoS
397,2,2,66,164,33,82,33,82,33.0,82.0,BENIGN
6041597,1,6,6,36,6,6,6,6,6.0,6.0,BENIGN
24196,2,2,90,146,45,73,45,73,45.0,73.0,BENIGN
8482569,1,5,1375,24,1375,6,1375,0,1375.0,4.8,BENIGN
5007885,5,0,30,0,6,0,6,0,6.0,0.0,DDoS
3186941,5,0,30,0,6,0,6,0,6.0,0.0,DDoS
89258,3,5,26,11601,20,8760,0,0,8.666666667,2320.2,DDoS
2880460,4,0,24,0,6,0,6,0,6.0,0.0,DDoS
82692964,9,5,62,11601,20,4380,0,0,6.888888889,2320.2,DDoS
71704498,8,4,56,11601,20,7215,0,0,7.0,2900.25,DDoS
9258790,5,0,30,0,6,0,6,0,6.0,0.0,DDoS
194061,3,5,26,11601,20,4380,0,0,8.666666667,2320.2,DDoS
1815727,3,4,26,11607,20,11595,0,0,8.666666667,2901.75,DDoS
1594107,3,4,26,11607,20,11595,0,0,8.666666667,2901.75,DDoS
1986987,5,0,30,0,6,0,6,0,6.0,0.0,DDoS
88498805,8,6,56,11601,20,2920,0,0,7.0,1933.5,DDoS
244,2,2,64,258,32,129,32,129,32.0,129.0,BENIGN
223,2,2,72,234,36,117,36,117,36.0,117.0,BENIGN
96882,1,1,48,108,48,108,48,108,48.0,108.0,BENIGN
3884,2,0,12,0,6,0,6,0,6.0,0.0,BENIGN
3953891,5,0,30,0,6,0,6,0,6.0,0.0,DDoS
5907868,4,0,24,0,6,0,6,0,6.0,0.0,DDoS
152,2,2,82,138,41,69,41,69,41.0,69.0,BENIGN
6396964,4,0,24,0,6,0,6,0,6.0,0.0,DDoS
47939,1,1,42,266,42,266,42,266,42.0,266.0,BENIGN
93893814,8,4,56,11607,20,11595,0,0,7.0,2901.75,DDoS
1587057,4,0,24,0,6,0,6,0,6.0,0.0,DDoS
10745657,1,5,6,30,6,6,6,6,6.0,6.0,BENIGN
825666,3,4,26,11607,20,11595,0,0,8.666666667,2901.75,DDoS
46250267,35,52,2753,67335,383,2920,0,0,78.65714286,1294.903846,BENIGN
169097,2,2,78,258,39,129,39,129,39.0,129.0,BENIGN
31019,4,4,124,188,31,47,31,47,31.0,47.0,BENIGN
90485,3,6,26,11601,20,5840,0,0,8.666666667,1933.5,DDoS
10120209,4,0,24,0,6,0,6,0,6.0,0.0,DDoS
5337258,1,7,6,42,6,6,6,6,6.0,6.0,BENIGN
212044,7,2,11607,26,4380,20,0,6,1658.142857,13.0,BENIGN
5434608,3,1,12,0,6,0,0,0,4.0,0.0,BENIGN
444494,3,5,26,11601,20,8760,0,0,8.666666667,2320.2,DDoS
33324,3,4,26,11601,20,8760,0,0,8.666666667,2900.25,DDoS
4971072,5,0,30,0,6,0,6,0,6.0,0.0,DDoS
8052897,5,8,11607,56,7215,20,0,0,2321.4,7.0,BENIGN
82142548,8,4,56,11601,20,7300,0,0,7.0,2900.25,DDoS
1819980,1,5,6,30,6,6,6,6,6.0,6.0,BENIGN
127111,4,2,32,6,20,6,0,0,8.0,3.0,DDoS
840076,5,0,30,0,6,0,6,0,6.0,0.0,DDoS
654703,3,4,26,11607,20,11595,0,0,8.666666667,2901.75,DDoS
1800123,3,4,26,11607,20,11595,0,0,8.666666667,2901.75,DDoS
70,2,1,12,1375,6,1375,6,1375,6.0,1375.0,DDoS
9341737,5,0,30,0,6,0,6,0,6.0,0.0,DDoS
1857341,3,6,26,11607,20,5840,0,0,8.666666667,1934.5,DDoS
95904831,6,9,11607,62,7300,20,0,0,1934.5,6.888888889,BENIGN
399,2,2,94,220,47,110,47,110,47.0,110.0,BENIGN
5059744,6,4,611,164,517,152,0,0,101.8333333,41.0,BENIGN
60843839,22,28,1552,31033,517,4280,0,0,70.54545455,1108.321429,BENIGN
78428703,8,6,56,11607,20,5840,0,0,7.0,1934.5,DDoS
296873,3,5,26,11607,20,7215,0,0,8.666666667,2321.4,DDoS
163734,3,4,26,11601,20,10135,0,0,8.666666667,2900.25,DDoS
61898,3,5,26,11607,20,5840,0,0,8.666666667,2321.4,DDoS
1123032,7,2,11607,26,5840,20,0,6,1658.142857,13.0,BENIGN
25227,1,1,49,190,49,190,49,190,49.0,190.0,BENIGN
119651,4,2,148,266,37,133,37,133,37.0,133.0,BENIGN
24067,3,5,26,11601,20,8760,0,0,8.666666667,2320.2,DDoS
1807811,3,7,26,11601,20,4380,0,0,8.666666667,1657.285714,DDoS
86334460,8,5,56,11601,20,7300,0,0,7.0,2320.2,DDoS
5719582,1,5,1375,24,1375,6,1375,0,1375.0,4.8,BENIGN
36726,3,6,26,11601,20,5840,0,0,8.666666667,1933.5,DDoS
4,3,0,18,0,6,0,6,0,6.0,0.0,BENIGN
11535439,4,0,24,0,6,0,6,0,6.0,0.0,DDoS
11637084,1,6,6,36,6,6,6,6,6.0,6.0,BENIGN
60406,1,1,41,97,41,97,41,97,41.0,97.0,BENIGN
2008972,5,0,30,0,6,0,6,0,6.0,0.0,DDoS
71999668,8,4,56,11601,20,7215,0,0,7.0,2900.25,DDoS
1295608,35,38,2686,6706,408,976,0,0,76.74285714,176.4736842,BENIGN
103813,3,5,26,11607,20,7215,0,0,8.666666667,2321.4,DDoS
15897,3,5,26,11601,20,4380,0,0,8.666666667,2320.2,DDoS
957459,7,2,11607,26,5840,20,0,6,1658.142857,13.0,BENIGN
186,2,2,92,348,46,174,46,174,46.0,174.0,BENIGN
139,2,2,104,178,52,89,52,89,52.0,89.0,BENIGN
235091,1,1,0,0,0,0,0,0,0.0,0.0,BENIGN
110051,3,5,26,11601,20,4380,0,0,8.666666667,2320.2,DDoS
1238993,3,4,26,11607,20,11595,0,0,8.666666667,2901.75,DDoS
549404,3,4,26,11607,20,11595,0,0,8.666666667,2901.75,DDoS
82497496,9,4,62,11607,20,11595,0,0,6.888888889,2901.75,DDoS
157156,3,5,26,11601,20,4380,0,0,8.666666667,2320.2,DDoS
41267,1,1,44,60,44,60,44,60,44.0,60.0,BENIGN
4,2,0,0,0,0,0,0,0,0.0,0.0,BENIGN
4003934,5,0,30,0,6,0,6,0,6.0,0.0,DDoS
80314896,8,4,56,11607,20,11595,0,0,7.0,2901.75,DDoS
9277479,4,0,24,0,6,0,6,0,6.0,0.0,DDoS
6089642,1,5,6,30,6,6,6,6,6.0,6.0,BENIGN
673185,3,5,26,11607,20,7215,0,0,8.666666667,2321.4,DDoS
645637,3,4,26,11601,20,8760,0,0,8.666666667,2900.25,DDoS
1045082,3,4,26,11607,20,11595,0,0,8.666666667,2901.75,DDoS
155,2,2,102,158,51,79,51,79,51.0,79.0,BENIGN
86327492,8,5,56,11607,20,10135,0,0,7.0,2321.4,DDoS
424070,6,2,11607,26,10135,20,0,6,1934.5,13.0,BENIGN
173,2,2,108,140,54,70,54,70,54.0,70.0,BENIGN
73683825,5,9,11607,62,8760,20,0,0,2321.4,6.888888889,BENIGN
247209,3,5,26,11607,20,5840,0,0,8.666666667,2321.4,DDoS
202,2,2,70,102,35,51,35,51,35.0,51.0,BENIGN
40179,3,4,26,11601,20,7215,0,0,8.666666667,2900.25,DDoS
86761212,8,5,56,11601,20,5840,0,0,7.0,2320.2,DDoS
159031,4,0,24,0,6,0,6,0,6.0,0.0,DDoS
1870070,3,5,26,11607,20,7215,0,0,8.666666667,2321.4,DDoS
107194,3,4,26,11607,20,11595,0,0,8.666666667,2901.75,DDoS
47602,1,1,47,127,47,127,47,127,47.0,127.0,BENIGN
1798917,3,5,26,11607,20,8675,0,0,8.666666667,2321.4,DDoS
1876959,3,4,26,11607,20,11595,0,0,8.666666667,2901.75,DDoS
208,2,2,64,96,32,48,32,48,32.0,48.0,BENIGN
754772,3,6,26,11607,20,4380,0,0,8.666666667,1934.5,DDoS
102012368,8,6,56,11601,20,4380,0,0,7.0,1933.5,DDoS
175,2,2,86,118,43,59,43,59,43.0,59.0,BENIGN
76222,5,2,11607,26,11595,20,0,6,2321.4,13.0,BENIGN
5761983,4,2,0,0,0,0,0,0,0.0,0.0,BENIGN
3849,3,0,43,0,31,0,6,0,14.33333333,0.0,BENIGN
60752,4,2,124,180,31,90,31,90,31.0,90.0,BENIGN
11045,3,5,26,11601,20,4380,0,0,8.666666667,2320.2,DDoS
250132,3,4,26,11607,20,11595,0,0,8.666666667,2901.75,DDoS
82415748,8,5,56,11607,20,10220,0,0,7.0,2321.4,DDoS
8441828,5,0,30,0,6,0,6,0,6.0,0.0,DDoS
211351,3,4,26,11607,20,11595,0,0,8.666666667,2901.75,DDoS
81234178,8,5,56,11601,20,8760,0,0,7.0,2320.2,DDoS
154,1,1,6,6,6,6,6,6,6.0,6.0,BENIGN
414274,3,6,26,11607,20,4380,0,0,8.666666667,1934.5,DDoS
92007515,5,9,11607,62,8760,20,0,0,2321.4,6.888888889,BENIGN
81822635,6,9,11613,62,10135,20,0,0,1935.5,6.888888889,BENIGN
33448,3,5,26,11607,20,10135,0,0,8.666666667,2321.4,DDoS
2508241,4,0,24,0,6,0,6,0,6.0,0.0,DDoS
4,3,0,43,0,31,0,6,0,14.33333333,0.0,BENIGN
10178463,1,6,1375,30,1375,6,1375,0,1375.0,5.0,BENIGN
431691,3,4,679,421,679,421,0,0,226.3333333,105.25,BENIGN
8836,3,0,43,0,31,0,6,0,14.33333333,0.0,BENIGN
92138773,7,9,11613,62,4380,20,0,0,1659.0,6.888888889,BENIGN
3433112,5,0,30,0,6,0,6,0,6.0,0.0,DDoS
175,2,2,60,264,30,132,30,132,30.0,132.0,BENIGN
44003,5,0,30,0,6,0,6,0,6.0,0.0,DDoS
2072349,1,6,6,36,6,6,6,6,6.0,6.0,BENIGN
163009,2,5,20,11607,20,5840,0,0,10.0,2321.4,DDoS
4118237,4,0,24,0,6,0,6,0,6.0,0.0,DDoS
8002802,5,0,30,0,6,0,6,0,6.0,0.0,DDoS
474077,4,3,26,11607,20,11595,0,6,6.5,3869.0,DDoS
93624703,8,9,11607,62,4380,20,0,0,1450.875,6.888888889,BENIGN
6036865,4,0,24,0,6,0,6,0,6.0,0.0,DDoS
77884702,8,5,56,11607,20,5840,0,0,7.0,2321.4,DDoS
510696,3,5,26,11607,20,10135,0,0,8.666666667,2321.4,DDoS
777390,3,4,26,11607,20,11595,0,0,8.666666667,2901.75,DDoS
78385907,8,5,56,11601,20,5755,0,0,7.0,2320.2,DDoS
108680,4,2,140,180,35,90,35,90,35.0,90.0,BENIGN
128404,5,2,11607,26,11595,20,0,6,2321.4,13.0,BENIGN
61756,2,2,84,196,42,98,42,98,42.0,98.0,BENIGN
6237902,5,0,30,0,6,0,6,0,6.0,0.0,DDoS
1558798,3,6,26,11607,20,5840,0,0,8.666666667,1934.5,DDoS
133950,3,5,26,11607,20,10135,0,0,8.666666667,2321.4,DDoS
1156856,5,2,11601,26,10135,20,0,6,2320.2,13.0,BENIGN
125004,3,4,26,11607,20,11595,0,0,8.666666667,2901.75,DDoS
80103409,8,5,56,11601,20,5840,0,0,7.0,2320.2,DDoS
93347364,6,9,11613,62,7300,20,0,0,1935.5,6.888888889,BENIGN
4073372,1,6,6,36,6,6,6,6,6.0,6.0,BENIGN
502823,8,2,11601,26,5840,20,0,6,1450.125,13.0,BENIGN
114587,2,0,12,0,6,0,6,0,6.0,0.0,BENIGN
60938,4,2,136,410,34,205,34,205,34.0,205.0,BENIGN
9517025,1,7,6,42,6,6,6,6,6.0,6.0,BENIGN
834076,4,3,11601,26,8760,20,0,0,2900.25,8.666666667,BENIGN
1720019,3,5,26,11607,20,8675,0,0,8.666666667,2321.4,DDoS
117585688,17,16,1514,756,821,378,0,0,89.05882353,47.25,BENIGN
22,13,0,650,0,50,0,50,0,50.0,0.0,BENIGN
454590,3,5,26,11607,20,7215,0,0,8.666666667,2321.4,DDoS
5499166,1,5,6,30,6,6,6,6,6.0,6.0,BENIGN
182,2,0,12,0,6,0,6,0,6.0,0.0,BENIGN
75658,1,1,62,78,62,78,62,78,62.0,78.0,BENIGN
1994172,4,0,24,0,6,0,6,0,6.0,0.0,DDoS
6080691,4,0,24,0,6,0,6,0,6.0,0.0,DDoS
72820196,8,6,56,11601,20,5840,0,0,7.0,1933.5,DDoS
65,1,1,6,6,6,6,6,6,6.0,6.0,BENIGN
6041827,5,0,30,0,6,0,6,0,6.0,0.0,DDoS
289,2,0,12,0,6,0,6,0,6.0,0.0,BENIGN
3983575,5,0,30,0,6,0,6,0,6.0,0.0,DDoS
8271843,6,0,36,0,6,0,6,0,6.0,0.0,DDoS
51121,4,2,164,138,41,69,41,69,41.0,69.0,BENIGN
56,1,1,0,0,0,0,0,0,0.0,0.0,BENIGN
9199764,1,5,6,30,6,6,6,6,6.0,6.0,BENIGN
80189004,9,5,62,11601,20,7300,0,0,6.888888889,2320.2,DDoS
134,2,2,88,120,44,60,44,60,44.0,60.0,BENIGN
153205,69,116,1415,215903,570,4344,0,0,20.50724638,1861.232759,BENIGN
12085512,1,6,1375,30,1375,6,1375,0,1375.0,5.0,BENIGN
1253745,3,5,26,11607,20,10135,0,0,8.666666667,2321.4,DDoS
479948,3,6,26,11601,20,4380,0,0,8.666666667,1933.5,DDoS
174,2,2,88,120,44,60,44,60,44.0,60.0,BENIGN
589489,3,5,26,11607,20,10135,0,0,8.666666667,2321.4,DDoS
58022,4,0,24,0,6,0,6,0,6.0,0.0,DDoS
95945301,8,5,56,11601,20,4380,0,0,7.0,2320.2,DDoS
9179715,1,5,6,30,6,6,6,6,6.0,6.0,BENIGN
31482,1,1,40,112,40,112,40,112,40.0,112.0,BENIGN
466135,3,6,26,11607,20,5840,0,0,8.666666667,1934.5,DDoS
214,2,2,64,204,32,102,32,102,32.0,102.0,BENIGN
24561,3,6,26,11601,20,5840,0,0,8.666666667,1933.5,DDoS
4082773,1,6,6,36,6,6,6,6,6.0,6.0,BENIGN
90726554,8,4,56,11601,20,8760,0,0,7.0,2900.25,DDoS
78432413,8,6,56,11607,20,4380,0,0,7.0,1934.5,DDoS
68145,5,2,11601,26,10135,20,0,6,2320.2,13.0,BENIGN
279,2,2,58,180,29,90,29,90,29.0,90.0,BENIGN
11026818,4,0,24,0,6,0,6,0,6.0,0.0,DDoS
76285099,8,5,56,11601,20,7300,0,0,7.0,2320.2,DDoS
53136,3,5,26,11607,20,7215,0,0,8.666666667,2321.4,DDoS
3997899,5,0,30,0,6,0,6,0,6.0,0.0,DDoS
24493,2,2,80,326,40,163,40,163,40.0,163.0,BENIGN
1316287,3,5,26,11607,20,7215,0,0,8.666666667,2321.4,DDoS
46879,3,4,26,11601,20,8760,0,0,8.666666667,2900.25,DDoS
6896810,4,0,24,0,6,0,6,0,6.0,0.0,DDoS
1825301,3,4,26,11601,20,8760,0,0,8.666666667,2900.25,DDoS
11805663,4,0,24,0,6,0,6,0,6.0,0.0,DDoS
5459292,8,5,374,3287,199,2733,0,0,46.75,657.4,BENIGN
80806367,8,4,56,11607,20,11595,0,0,7.0,2901.75,DDoS
80222667,8,5,56,11601,20,7300,0,0,7.0,2320.2,DDoS
67650,3,6,26,11607,20,4380,0,0,8.666666667,1934.5,DDoS
8063587,4,0,24,0,6,0,6,0,6.0,0.0,DDoS
30209,1,1,41,69,41,69,41,69,41.0,69.0,BENIGN
50078,4,0,24,0,6,0,6,0,6.0,0.0,DDoS
1765988,5,0,30,0,6,0,6,0,6.0,0.0,DDoS
42264,3,7,26,11601,20,2920,0,0,8.666666667,1657.285714,DDoS
8045802,4,0,24,0,6,0,6,0,6.0,0.0,DDoS
2079977,5,0,30,0,6,0,6,0,6.0,0.0,DDoS
80237828,8,4,56,11601,20,5840,0,0,7.0,2900.25,DDoS
124855,3,5,26,11607,20,8675,0,0,8.666666667,2321.4,DDoS
86740,1,1,48,142,48,142,48,142,48.0,142.0,BENIGN
72149,3,5,26,11607,20,7300,0,0,8.666666667,2321.4,DDoS
6313848,5,0,30,0,6,0,6,0,6.0,0.0,DDoS
475,1,1,70,152,70,152,70,152,70.0,152.0,BENIGN
4062906,4,0,24,0,6,0,6,0,6.0,0.0,DDoS
8089803,5,0,30,0,6,0,6,0,6.0,0.0,DDoS
209,2,2,86,142,43,71,43,71,43.0,71.0,BENIGN
11276016,10,8,823,5493,485,1745,0,0,82.3,686.625,BENIGN
91653682,8,4,56,11601,20,8760,0,0,7.0,2900.25,DDoS
1846243,3,5,26,11607,20,5840,0,0,8.666666667,2321.4,DDoS
80152707,8,6,56,11601,20,4380,0,0,7.0,1933.5,DDoS
8584678,1,6,6,36,6,6,6,6,6.0,6.0,BENIGN
1418317,3,5,26,11607,20,7215,0,0,8.666666667,2321.4,DDoS
1816042,3,5,26,11607,20,8675,0,0,8.666666667,2321.4,DDoS
271988,11,7,569,4467,196,1460,0,0,51.72727273,638.1428571,BENIGN
540742,3,5,26,11607,20,7215,0,0,8.666666667,2321.4,DDoS
4022921,4,0,24,0,6,0,6,0,6.0,0.0,DDoS
3221721,6,7,563,3173,342,1460,0,0,93.83333333,453.2857143,BENIGN
719,3,0,0,0,0,0,0,0,0.0,0.0,BENIGN
2325002,5,0,30,0,6,0,6,0,6.0,0.0,DDoS
703971,3,6,26,11607,20,5840,0,0,8.666666667,1934.5,DDoS
6265857,5,0,30,0,6,0,6,0,6.0,0.0,DDoS
93525765,6,9,12982,56,10135,20,0,0,2163.666667,6.222222222,BENIGN
222,2,2,64,204,32,102,32,102,32.0,102.0,BENIGN
56051,3,5,26,11607,20,10135,0,0,8.666666667,2321.4,DDoS
104601,3,6,26,11607,20,4380,0,0,8.666666667,1934.5,DDoS
511693,4,2,128,188,32,94,32,94,32.0,94.0,BENIGN
10099895,4,0,24,0,6,0,6,0,6.0,0.0,DDoS
166350,3,4,26,11607,20,11595,0,0,8.666666667,2901.75,DDoS
418407,3,3,588,0,588,0,0,0,196.0,0.0,BENIGN
202550,3,6,26,11607,20,4380,0,0,8.666666667,1934.5,DDoS
121982,2,2,72,190,36,95,36,95,36.0,95.0,BENIGN
5589595,4,0,24,0,6,0,6,0,6.0,0.0,DDoS
4008956,5,0,30,0,6,0,6,0,6.0,0.0,DDoS
65577,2,2,78,210,39,105,39,105,39.0,105.0,BENIGN
940431,1,6,1375,30,1375,6,1375,0,1375.0,5.0,BENIGN
93875763,8,5,56,11607,20,7215,0,0,7.0,2321.4,DDoS
994417,3,5,26,11601,20,8760,0,0,8.666666667,2320.2,DDoS
784213,3,5,26,11601,20,7300,0,0,8.666666667,2320.2,DDoS
1675111,3,6,26,11607,20,4380,0,0,8.666666667,1934.5,DDoS
61848,2,2,76,108,38,54,38,54,38.0,54.0,BENIGN
48295,1,1,55,55,55,55,55,55,55.0,55.0,BENIGN
115534152,16,14,514,1396,430,1390,0,0,32.125,99.71428571,BENIGN
8532787,4,0,24,0,6,0,6,0,6.0,0.0,DDoS
1221153,3,6,26,11607,20,5840,0,0,8.666666667,1934.5,DDoS
63,3,0,18,0,6,0,6,0,6.0,0.0,BENIGN
774414,4,2,136,194,34,97,34,97,34.0,97.0,BENIGN
81794108,8,4,56,11607,20,11595,0,0,7.0,2901.75,DDoS
1164044,3,5,26,11601,20,5840,0,0,8.666666667,2320.2,DDoS
61192038,15,14,1948,5572,1561,2372,0,0,129.8666667,398.0,BENIGN
47655000,2,2,116,269,60,185,56,84,58.0,134.5,BENIGN
70794417,6,9,12982,56,10135,20,0,0,2163.666667,6.222222222,BENIGN
2131939,5,0,30,0,6,0,6,0,6.0,0.0,DDoS
710449,20,18,1037,20133,368,2920,0,0,51.85,1118.5,BENIGN
96875,3,4,26,11601,20,7215,0,0,8.666666667,2900.25,DDoS
2043799,4,0,24,0,6,0,6,0,6.0,0.0,DDoS
12894517,4,0,24,0,6,0,6,0,6.0,0.0,DDoS
162,2,2,70,174,35,87,35,87,35.0,87.0,BENIGN
80310522,8,4,56,11607,20,11595,0,0,7.0,2901.75,DDoS
555041,4,0,24,0,6,0,6,0,6.0,0.0,DDoS
81962658,8,4,56,11601,20,5840,0,0,7.0,2900.25,DDoS
1295789,3,5,26,11607,20,8760,0,0,8.666666667,2321.4,DDoS
6145786,8,6,56,11601,20,5840,0,0,7.0,1933.5,DDoS
97382049,8,5,56,11607,20,8675,0,0,7.0,2321.4,DDoS
7591231,4,0,24,0,6,0,6,0,6.0,0.0,DDoS
97204253,9,5,62,11607,20,7300,0,0,6.888888889,2321.4,DDoS
733655,3,4,26,11601,20,8760,0,0,8.666666667,2900.25,DDoS
1805259,3,4,26,11607,20,11595,0,0,8.666666667,2901.75,DDoS
2061982,4,0,24,0,6,0,6,0,6.0,0.0,DDoS
78885144,8,5,56,11607,20,7300,0,0,7.0,2321.4,DDoS
16,2,0,12,0,6,0,6,0,6.0,0.0,BENIGN
71401626,8,5,56,11607,20,10135,0,0,7.0,2321.4,DDoS
47585,1,1,52,113,52,113,52,113,52.0,113.0,BENIGN
654981,3,6,26,11607,20,5840,0,0,8.666666667,1934.5,DDoS
9481768,5,0,30,0,6,0,6,0,6.0,0.0,DDoS
193920,2,2,66,386,33,193,33,193,33.0,193.0,BENIGN
174435,1,1,41,244,41,244,41,244,41.0,244.0,BENIGN
766868,1,1,42,107,42,107,42,107,42.0,107.0,BENIGN
100972944,8,6,56,11601,20,4380,0,0,7.0,1933.5,DDoS
1064445,3,5,26,11607,20,10220,0,0,8.666666667,2321.4,DDoS
6492604,1,6,1375,30,1375,6,1375,0,1375.0,5.0,BENIGN
63132,3,4,26,11607,20,11595,0,0,8.666666667,2901.75,DDoS
71382322,8,6,56,11601,20,5840,0,0,7.0,1933.5,DDoS
1067546,3,4,26,11607,20,11595,0,0,8.666666667,2901.75,DDoS
289377,3,6,26,11601,20,4380,0,0,8.666666667,1933.5,DDoS
75460,2,2,76,108,38,54,38,54,38.0,54.0,BENIGN
25918,2,0,12,0,6,0,6,0,6.0,0.0,BENIGN
1479237,3,4,26,11607,20,11595,0,0,8.666666667,2901.75,DDoS
301,3,0,43,0,31,0,6,0,14.33333333,0.0,BENIGN
11618006,1,5,6,30,6,6,6,6,6.0,6.0,BENIGN
24184,2,2,76,260,38,130,38,130,38.0,130.0,BENIGN
1244847,3,5,26,11607,20,10135,0,0,8.666666667,2321.4,DDoS
24076416,1,5,6,30,6,6,6,6,6.0,6.0,BENIGN
118401,3,5,26,11601,20,5840,0,0,8.666666667,2320.2,DDoS
9508899,6,10,11613,68,8760,20,0,0,1935.5,6.8,BENIGN
141745,3,6,26,11607,20,5840,0,0,8.666666667,1934.5,DDoS
2752257,4,0,24,0,6,0,6,0,6.0,0.0,DDoS
1386115,3,6,26,11601,20,5840,0,0,8.666666667,1933.5,DDoS
3497764,4,0,24,0,6,0,6,0,6.0,0.0,DDoS
60760406,14,14,1416,2624,1086,1215,0,0,101.1428571,187.4285714,BENIGN
78576,3,6,26,11601,20,4380,0,0,8.666666667,1933.5,DDoS
82261429,8,5,56,11601,20,5840,0,0,7.0,2320.2,DDoS
10972765,4,0,24,0,6,0,6,0,6.0,0.0,DDoS
152104,3,5,26,11607,20,10135,0,0,8.666666667,2321.4,DDoS
48,2,0,12,0,6,0,6,0,6.0,0.0,BENIGN
763808,3,4,26,11607,20,11595,0,0,8.666666667,2901.75,DDoS
51020,1,1,0,0,0,0,0,0,0.0,0.0,BENIGN
509156,3,7,26,11601,20,4380,0,0,8.666666667,1657.285714,DDoS
9848089,1,5,6,30,6,6,6,6,6.0,6.0,BENIGN
3320761,1,6,6,36,6,6,6,6,6.0,6.0,BENIGN
6558987,1,5,6,30,6,6,6,6,6.0,6.0,BENIGN
80115360,9,5,62,11601,20,4380,0,0,6.888888889,2320.2,DDoS
48583,1,1,45,118,45,118,45,118,45.0,118.0,BENIGN
83465,3,4,26,11601,20,8760,0,0,8.666666667,2900.25,DDoS
868211,3,5,26,11607,20,5840,0,0,8.666666667,2321.4,DDoS
10209810,4,0,24,0,6,0,6,0,6.0,0.0,DDoS
219,2,1,0,0,0,0,0,0,0.0,0.0,BENIGN
10100749,5,0,30,0,6,0,6,0,6.0,0.0,DDoS
64607,3,5,26,11607,20,10135,0,0,8.666666667,2321.4,DDoS
38592,3,5,26,11601,20,5840,0,0,8.666666667,2320.2,DDoS
163772,1,1,46,190,46,190,46,190,46.0,190.0,BENIGN
85,1,1,6,6,6,6,6,6,6.0,6.0,BENIGN
82258079,8,5,56,11607,20,7300,0,0,7.0,2321.4,DDoS
96827706,8,6,56,11601,20,5755,0,0,7.0,1933.5,DDoS
41,2,1,0,0,0,0,0,0,0.0,0.0,BENIGN
6862135,4,0,24,0,6,0,6,0,6.0,0.0,DDoS
1616357,5,3,11607,26,8760,20,0,0,2321.4,8.666666667,BENIGN
1519496,3,5,26,11607,20,7215,0,0,8.666666667,2321.4,DDoS
26034,4,0,24,0,6,0,6,0,6.0,0.0,DDoS
23650,2,2,80,202,40,101,40,101,40.0,101.0,BENIGN
8607792,4,0,24,0,6,0,6,0,6.0,0.0,DDoS
844369,1,5,6,30,6,6,6,6,6.0,6.0,BENIGN
11781787,5,0,30,0,6,0,6,0,6.0,0.0,DDoS
23673,1,1,54,109,54,109,54,109,54.0,109.0,BENIGN
21266,3,1,50,6,38,6,6,6,16.66666667,6.0,BENIGN
94682345,7,9,11607,62,5840,20,0,0,1658.142857,6.888888889,BENIGN
8996764,5,0,30,0,6,0,6,0,6.0,0.0,DDoS
4369974,5,0,30,0,6,0,6,0,6.0,0.0,DDoS
8963778,4,0,24,0,6,0,6,0,6.0,0.0,DDoS
9264722,4,0,24,0,6,0,6,0,6.0,0.0,DDoS
3256347,1,5,6,30,6,6,6,6,6.0,6.0,BENIGN
24958,2,2,76,164,38,82,38,82,38.0,82.0,BENIGN
96790700,8,4,56,11607,20,11595,0,0,7.0,2901.75,DDoS
1740378,3,4,26,11607,20,11595,0,0,8.666666667,2901.75,DDoS
1798292,3,5,26,11607,20,7215,0,0,8.666666667,2321.4,DDoS
938743,3,5,26,11601,20,7300,0,0,8.666666667,2320.2,DDoS
1224849,3,6,26,11607,20,5840,0,0,8.666666667,1934.5,DDoS
8854754,4,0,24,0,6,0,6,0,6.0,0.0,DDoS
3913786,5,0,30,0,6,0,6,0,6.0,0.0,DDoS
205,2,2,86,150,43,75,43,75,43.0,75.0,BENIGN
10187706,7,7,1027,632,517,433,0,0,146.7142857,90.28571429,BENIGN
2,2,0,0,0,0,0,0,0,0.0,0.0,BENIGN
187,2,2,64,204,32,102,32,102,32.0,102.0,BENIGN
6093843,5,0,30,0,6,0,6,0,6.0,0.0,DDoS
100860655,9,6,62,11601,20,5840,0,0,6.888888889,1933.5,DDoS
157,3,0,65,0,53,0,6,0,21.66666667,0.0,BENIGN
97641540,8,5,56,11601,20,4380,0,0,7.0,2320.2,DDoS
4007915,4,0,24,0,6,0,6,0,6.0,0.0,DDoS
216,2,2,64,258,32,129,32,129,32.0,129.0,BENIGN
84274010,9,6,62,11601,20,4380,0,0,6.888888889,1933.5,DDoS
1023940,3,4,26,11607,20,11595,0,0,8.666666667,2901.75,DDoS
76240199,7,9,11613,62,4380,20,0,0,1659.0,6.888888889,BENIGN
4850635,1,5,1375,24,1375,6,1375,0,1375.0,4.8,BENIGN
255,2,2,64,258,32,129,32,129,32.0,129.0,BENIGN
262727,4,3,11607,26,11595,20,0,0,2901.75,8.666666667,BENIGN
604305,3,6,26,11607,20,4380,0,0,8.666666667,1934.5,DDoS
9979243,1,6,6,36,6,6,6,6,6.0,6.0,BENIGN
90214169,9,5,62,11607,20,5840,0,0,6.888888889,2321.4,DDoS
7687841,1,5,6,30,6,6,6,6,6.0,6.0,BENIGN
394,2,2,62,264,31,132,31,132,31.0,132.0,BENIGN
95901001,8,5,56,11607,20,10135,0,0,7.0,2321.4,DDoS
1500187,3,5,26,11607,20,5840,0,0,8.666666667,2321.4,DDoS
71096608,8,5,56,11607,20,10220,0,0,7.0,2321.4,DDoS
418590,3,4,659,421,659,421,0,0,219.6666667,105.25,BENIGN
23950,2,2,70,102,35,51,35,51,35.0,51.0,BENIGN
82264179,7,9,12982,56,4380,20,0,0,1854.571429,6.222222222,BENIGN
70143165,8,5,56,11607,20,10135,0,0,7.0,2321.4,DDoS
151847,3,5,26,11607,20,7300,0,0,8.666666667,2321.4,DDoS
16018373,10,9,2550,856,644,208,0,0,255.0,95.11111111,BENIGN
6918820,5,0,30,0,6,0,6,0,6.0,0.0,DDoS
55395913,7,6,42,0,6,0,6,0,6.0,0.0,BENIGN
61515354,25,30,1645,36105,517,2920,0,0,65.8,1203.5,BENIGN
1002063,3,5,26,11607,20,10135,0,0,8.666666667,2321.4,DDoS
8028897,4,0,24,0,6,0,6,0,6.0,0.0,DDoS
112110,3,6,26,11607,20,5840,0,0,8.666666667,1934.5,DDoS
1825469,3,4,26,11601,20,7215,0,0,8.666666667,2900.25,DDoS
162938,1,1,43,140,43,140,43,140,43.0,140.0,BENIGN
576,1,1,56,72,56,72,56,72,56.0,72.0,BENIGN
2028783,5,0,30,0,6,0,6,0,6.0,0.0,DDoS
6615555,1,5,6,30,6,6,6,6,6.0,6.0,BENIGN
1773978,5,0,30,0,6,0,6,0,6.0,0.0,DDoS
40929,3,5,26,11607,20,7215,0,0,8.666666667,2321.4,DDoS
60851,2,2,88,202,44,101,44,101,44.0,101.0,BENIGN
9753,2,0,12,0,6,0,6,0,6.0,0.0,BENIGN
727209,3,5,26,11601,20,5840,0,0,8.666666667,2320.2,DDoS
11446673,5,0,30,0,6,0,6,0,6.0,0.0,DDoS
23396,3,4,26,11601,20,8760,0,0,8.666666667,2900.25,DDoS
124478,3,4,26,11607,20,11595,0,0,8.666666667,2901.75,DDoS
62506,3,6,26,11601,20,2920,0,0,8.666666667,1933.5,DDoS
6605544,1,6,6,36,6,6,6,6,6.0,6.0,BENIGN
8081800,5,0,30,0,6,0,6,0,6.0,0.0,DDoS
4114150,4,0,24,0,6,0,6,0,6.0,0.0,DDoS
116191710,33,28,1418,17660,708,1418,0,0,42.96969697,630.7142857,BENIGN
553760,3,5,26,11607,20,10220,0,0,8.666666667,2321.4,DDoS
46795,3,5,26,11601,20,7300,0,0,8.666666667,2320.2,DDoS
78576956,8,5,56,11607,20,5840,0,0,7.0,2321.4,DDoS
60542,1,1,59,105,59,105,59,105,59.0,105.0,BENIGN
7328239,1,6,6,36,6,6,6,6,6.0,6.0,BENIGN
80406165,8,7,56,11607,20,4295,0,0,7.0,1658.142857,DDoS
110370,3,5,26,11607,20,7215,0,0,8.666666667,2321.4,DDoS
496245,3,6,26,11601,20,4380,0,0,8.666666667,1933.5,DDoS
1643956,4,0,24,0,6,0,6,0,6.0,0.0,DDoS
1436341,3,6,26,11607,20,5840,0,0,8.666666667,1934.5,DDoS
23753,1,1,40,56,40,56,40,56,40.0,56.0,BENIGN
24728428,2,2,92,217,46,143,46,74,46.0,108.5,BENIGN
6803054,8,5,1920,631,644,209,0,0,240.0,126.2,BENIGN
102961,3,6,26,11601,20,4380,0,0,8.666666667,1933.5,DDoS
115840422,20,16,1479,594,844,426,0,0,73.95,37.125,BENIGN
99192333,6,10,11613,68,8760,20,0,0,1935.5,6.8,BENIGN
95624523,8,5,56,11607,20,10135,0,0,7.0,2321.4,DDoS
387208,3,7,26,11601,20,2920,0,0,8.666666667,1657.285714,DDoS
42863,3,5,26,11607,20,10135,0,0,8.666666667,2321.4,DDoS
76526737,8,6,56,11607,20,4380,0,0,7.0,1934.5,DDoS
100383065,8,6,56,11607,20,5840,0,0,7.0,1934.5,DDoS
7800283,5,0,30,0,6,0,6,0,6.0,0.0,DDoS
67,1,1,0,0,0,0,0,0,0.0,0.0,BENIGN
1247353,3,4,26,11601,20,8760,0,0,8.666666667,2900.25,DDoS
72648593,8,4,56,11607,20,11595,0,0,7.0,2901.75,DDoS
23902,2,2,80,442,40,221,40,221,40.0,221.0,BENIGN
189,2,2,74,262,37,131,37,131,37.0,131.0,BENIGN
2625470,1,5,6,30,6,6,6,6,6.0,6.0,BENIGN
864436,3,4,26,11601,20,7300,0,0,8.666666667,2900.25,DDoS
74966375,8,6,56,11601,20,4380,0,0,7.0,1933.5,DDoS
81842700,6,9,11613,62,5840,20,0,0,1935.5,6.888888889,BENIGN
76776200,8,5,56,11607,20,5840,0,0,7.0,2321.4,DDoS
7075836,5,0,30,0,6,0,6,0,6.0,0.0,DDoS
142878,48,61,1331,110185,570,4344,0,0,27.72916667,1806.311475,BENIGN
51,1,1,6,6,6,6,6,6,6.0,6.0,BENIGN
119297,3,5,26,11601,20,5840,0,0,8.666666667,2320.2,DDoS
1352260,41,42,2728,6634,456,976,0,0,66.53658537,157.952381,BENIGN
83654,3,6,26,11601,20,4380,0,0,8.666666667,1933.5,DDoS
40398,3,4,26,11601,20,8760,0,0,8.666666667,2900.25,DDoS
1426684,3,6,26,11601,20,4380,0,0,8.666666667,1933.5,DDoS
48,2,0,12,0,6,0,6,0,6.0,0.0,BENIGN
252,2,2,72,196,36,98,36,98,36.0,98.0,BENIGN
228616,1,1,6,6,6,6,6,6,6.0,6.0,BENIGN
117930,1,1,42,106,42,106,42,106,42.0,106.0,BENIGN
287,2,2,58,206,29,103,29,103,29.0,103.0,BENIGN
7357988,4,0,24,0,6,0,6,0,6.0,0.0,DDoS
549728,3,5,26,11607,20,7215,0,0,8.666666667,2321.4,DDoS
1799861,3,6,26,11607,20,4380,0,0,8.666666667,1934.5,DDoS
6092706,4,0,24,0,6,0,6,0,6.0,0.0,DDoS
117491120,18,15,898,1826,449,913,0,0,49.88888889,121.7333333,BENIGN
177,3,1,83,6,46,6,6,6,27.66666667,6.0,BENIGN
59211,4,2,164,204,41,102,41,102,41.0,102.0,BENIGN
296,2,2,68,260,34,130,34,130,34.0,130.0,BENIGN
143591,3,6,26,11601,20,4380,0,0,8.666666667,1933.5,DDoS
8997222,3,0,0,0,0,0,0,0,0.0,0.0,BENIGN
1834710,3,5,26,11607,20,5840,0,0,8.666666667,2321.4,DDoS
11,1,1,6,6,6,6,6,6,6.0,6.0,BENIGN
181,2,2,66,98,33,49,33,49,33.0,49.0,BENIGN
87287559,9,6,62,11601,20,4380,0,0,6.888888889,1933.5,DDoS
2582939,1,6,6,36,6,6,6,6,6.0,6.0,BENIGN
2041966,5,0,30,0,6,0,6,0,6.0,0.0,DDoS
3858991,1,5,1375,24,1375,6,1375,0,1375.0,4.8,BENIGN
10130425,5,0,30,0,6,0,6,0,6.0,0.0,DDoS
38123,3,4,26,11601,20,10135,0,0,8.666666667,2900.25,DDoS
23642,1,1,47,79,47,79,47,79,47.0,79.0,BENIGN
778,3,0,0,0,0,0,0,0,0.0,0.0,BENIGN
76364732,8,5,56,11607,20,5840,0,0,7.0,2321.4,DDoS
30622,3,5,26,11607,20,8675,0,0,8.666666667,2321.4,DDoS
999317,2,0,12,0,6,0,6,0,6.0,0.0,BENIGN
207,2,2,94,350,47,175,47,175,47.0,175.0,BENIGN
10351729,4,0,24,0,6,0,6,0,6.0,0.0,DDoS
6048927,5,0,30,0,6,0,6,0,6.0,0.0,DDoS
98983067,8,5,56,11607,20,10135,0,0,7.0,2321.4,DDoS
3813993,4,0,24,0,6,0,6,0,6.0,0.0,DDoS
1776561,3,5,26,11607,20,5840,0,0,8.666666667,2321.4,DDoS
975915,5,3,11607,26,10135,20,0,0,2321.4,8.666666667,BENIGN
5865782,8,6,366,3314,191,1600,0,0,45.75,552.3333333,BENIGN
1278971,5,0,30,0,6,0,6,0,6.0,0.0,DDoS
94,1,1,6,6,6,6,6,6,6.0,6.0,BENIGN
778810,3,4,26,11607,20,11595,0,0,8.666666667,2901.75,DDoS
210,2,2,64,204,32,102,32,102,32.0,102.0,BENIGN
89461081,8,6,56,11607,20,4380,0,0,7.0,1934.5,DDoS
150782,1,1,6,0,6,0,6,0,6.0,0.0,BENIGN
565899,5,0,30,0,6,0,6,0,6.0,0.0,DDoS
877197,3,5,26,11607,20,7215,0,0,8.666666667,2321.4,DDoS
82487037,8,5,56,11607,20,7215,0,0,7.0,2321.4,DDoS
70939562,6,9,11607,62,4380,20,0,0,1934.5,6.888888889,BENIGN
6298693,1,5,6,30,6,6,6,6,6.0,6.0,BENIGN
1790314,3,4,26,11601,20,8760,0,0,8.666666667,2900.25,DDoS
7138169,4,0,24,0,6,0,6,0,6.0,0.0,DDoS
323,2,2,72,246,36,123,36,123,36.0,123.0,BENIGN
100967673,9,6,62,11601,20,4380,0,0,6.888888889,1933.5,DDoS
116250467,53,82,1119,101894,420,2896,0,0,21.11320755,1242.609756,BENIGN
116931504,14,12,580,4631,194,1418,0,0,41.42857143,385.9166667,BENIGN
231,2,2,64,258,32,129,32,129,32.0,129.0,BENIGN
5187861,5,0,30,0,6,0,6,0,6.0,0.0,DDoS
23,13,0,650,0,50,0,50,0,50.0,0.0,BENIGN
340,2,0,0,0,0,0,0,0,0.0,0.0,BENIGN
6761723,1,6,6,36,6,6,6,6,6.0,6.0,BENIGN
10921,2,0,12,0,6,0,6,0,6.0,0.0,BENIGN
1799710,3,6,26,11601,20,5840,0,0,8.666666667,1933.5,DDoS
6583841,5,3,449,2124,431,2118,0,0,89.8,708.0,BENIGN
94842,3,6,26,11607,20,4380,0,0,8.666666667,1934.5,DDoS
70981,2,2,68,428,34,214,34,214,34.0,214.0,BENIGN
10156625,1,6,6,36,6,6,6,6,6.0,6.0,BENIGN
1302811,3,6,26,11601,20,5840,0,0,8.666666667,1933.5,DDoS
80678236,8,4,56,11601,20,8675,0,0,7.0,2900.25,DDoS
550482,3,5,26,11601,20,5840,0,0,8.666666667,2320.2,DDoS
430530,3,4,444,714,444,714,0,0,148.0,178.5,BENIGN
7516878,1,5,6,30,6,6,6,6,6.0,6.0,BENIGN
671499,3,4,26,11601,20,8760,0,0,8.666666667,2900.25,DDoS
9933713,5,0,30,0,6,0,6,0,6.0,0.0,DDoS
3983154,1,5,6,30,6,6,6,6,6.0,6.0,BENIGN
46723128,11,13,1119,966,517,740,0,0,101.7272727,74.30769231,BENIGN
23962,2,2,76,194,38,97,38,97,38.0,97.0,BENIGN
4025085,4,0,24,0,6,0,6,0,6.0,0.0,DDoS
80358654,7,10,11613,68,4380,20,0,0,1659.0,6.8,BENIGN
190,2,1,12,6,6,6,6,6,6.0,6.0,BENIGN
133232,3,4,26,11607,20,11595,0,0,8.666666667,2901.75,DDoS
80803745,8,6,56,11607,20,4380,0,0,7.0,1934.5,DDoS
1873459,3,6,26,11607,20,4380,0,0,8.666666667,1934.5,DDoS
1304922,3,4,26,11601,20,8760,0,0,8.666666667,2900.25,DDoS
1237116,3,6,26,11607,20,4380,0,0,8.666666667,1934.5,DDoS
6158196,4,0,24,0,6,0,6,0,6.0,0.0,DDoS
46853,4,2,160,234,40,117,40,117,40.0,117.0,BENIGN
886575,6,5,338,3325,194,1601,0,0,56.33333333,665.0,BENIGN
997871,3,5,26,11607,20,10135,0,0,8.666666667,2321.4,DDoS
821,2,2,104,234,52,117,52,117,52.0,117.0,BENIGN
3158073,4,0,24,0,6,0,6,0,6.0,0.0,DDoS
5945030,4,0,24,0,6,0,6,0,6.0,0.0,DDoS
119392,4,2,136,172,34,86,34,86,34.0,86.0,BENIGN
284471,3,4,26,11601,20,7215,0,0,8.666666667,2900.25,DDoS
8613284,1,6,6,36,6,6,6,6,6.0,6.0,BENIGN
24,1,1,0,0,0,0,0,0,0.0,0.0,BENIGN
91408843,9,6,62,11607,20,5840,0,0,6.888888889,1934.5,DDoS
72702918,6,9,11607,62,4380,20,0,0,1934.5,6.888888889,BENIGN
10860948,11,7,756,5423,432,1745,0,0,68.72727273,774.7142857,BENIGN
403288,3,5,26,11607,20,10135,0,0,8.666666667,2321.4,DDoS
902004,3,4,26,11601,20,8760,0,0,8.666666667,2900.25,DDoS
233719,3,6,26,11607,20,5840,0,0,8.666666667,1934.5,DDoS
48,2,0,12,0,6,0,6,0,6.0,0.0,BENIGN
2600905,4,0,24,0,6,0,6,0,6.0,0.0,DDoS
82529,4,0,24,0,6,0,6,0,6.0,0.0,DDoS
173,2,2,84,204,42,102,42,102,42.0,102.0,BENIGN
24709,1,1,67,144,67,144,67,144,67.0,144.0,BENIGN
260589,2,6,20,11607,20,5840,0,0,10.0,1934.5,DDoS
73690819,6,9,11613,62,10135,20,0,0,1935.5,6.888888889,BENIGN
163885,3,5,26,11607,20,10135,0,0,8.666666667,2321.4,DDoS
28917,1,1,48,48,48,48,48,48,48.0,48.0,BENIGN
1009347,3,5,26,11607,20,5840,0,0,8.666666667,2321.4,DDoS
7938765,5,0,30,0,6,0,6,0,6.0,0.0,DDoS
5905873,5,0,30,0,6,0,6,0,6.0,0.0,DDoS
71578134,8,5,56,11607,20,7215,0,0,7.0,2321.4,DDoS
244,2,2,66,164,33,82,33,82,33.0,82.0,BENIGN
33646,3,5,26,11601,20,5840,0,0,8.666666667,2320.2,DDoS
99051082,7,8,11613,56,5840,20,0,0,1659.0,7.0,BENIGN
10499198,5,0,30,0,6,0,6,0,6.0,0.0,DDoS
78427036,7,9,12982,56,5840,20,0,0,1854.571429,6.222222222,BENIGN
4051923,5,0,30,0,6,0,6,0,6.0,0.0,DDoS
2955075,6,0,36,0,6,0,6,0,6.0,0.0,DDoS
568868,3,5,26,11607,20,5840,0,0,8.666666667,2321.4,DDoS
73204942,8,4,56,11607,20,11595,0,0,7.0,2901.75,DDoS
4337206,5,0,30,0,6,0,6,0,6.0,0.0,DDoS
81057293,17,17,4323,2495,1970,1990,0,0,254.2941176,146.7647059,BENIGN
1511525,3,5,26,11607,20,7215,0,0,8.666666667,2321.4,DDoS
11318637,4,0,24,0,6,0,6,0,6.0,0.0,DDoS
1298881,3,5,26,11607,20,7215,0,0,8.666666667,2321.4,DDoS
1823436,3,6,26,11607,20,5840,0,0,8.666666667,1934.5,DDoS
122,2,0,0,0,0,0,0,0,0.0,0.0,BENIGN
51,3,1,43,6,31,6,6,6,14.33333333,6.0,BENIGN
10046747,5,0,30,0,6,0,6,0,6.0,0.0,DDoS
6966639,4,0,24,0,6,0,6,0,6.0,0.0,DDoS
50450,2,2,66,94,33,47,33,47,33.0,47.0,BENIGN
17016,1,1,48,48,48,48,48,48,48.0,48.0,BENIGN
746765,3,4,26,11607,20,11595,0,0,8.666666667,2901.75,DDoS
117559753,19,18,2119,14594,804,2796,0,0,111.5263158,810.7777778,BENIGN
95851394,8,5,56,11607,20,10220,0,0,7.0,2321.4,DDoS
7041835,5,0,30,0,6,0,6,0,6.0,0.0,DDoS
63677,4,3,11601,26,10135,20,0,0,2900.25,8.666666667,BENIGN
24046,2,2,68,158,34,79,34,79,34.0,79.0,BENIGN
591992,2,0,0,0,0,0,0,0,0.0,0.0,BENIGN
23715,2,2,132,296,66,148,66,148,66.0,148.0,BENIGN
1515875,3,6,26,11607,20,4380,0,0,8.666666667,1934.5,DDoS
114,2,0,12,0,6,0,6,0,6.0,0.0,BENIGN
4021944,4,0,24,0,6,0,6,0,6.0,0.0,DDoS
28737,3,5,26,11601,20,8760,0,0,8.666666667,2320.2,DDoS
221,2,0,12,0,6,0,6,0,6.0,0.0,BENIGN
5790766,4,0,24,0,6,0,6,0,6.0,0.0,DDoS
10312717,4,0,24,0,6,0,6,0,6.0,0.0,DDoS
6074830,4,0,24,0,6,0,6,0,6.0,0.0,DDoS
8064786,5,0,30,0,6,0,6,0,6.0,0.0,DDoS
8573792,5,0,30,0,6,0,6,0,6.0,0.0,DDoS
83778587,8,6,56,11601,20,2920,0,0,7.0,1933.5,DDoS
95905054,8,6,56,11607,20,4380,0,0,7.0,1934.5,DDoS
989570,3,4,26,11601,20,5840,0,0,8.666666667,2900.25,DDoS
5071616,1,6,6,36,6,6,6,6,6.0,6.0,BENIGN
11713739,4,0,24,0,6,0,6,0,6.0,0.0,DDoS
2020955,5,0,30,0,6,0,6,0,6.0,0.0,DDoS
1843363,3,5,26,11607,20,7215,0,0,8.666666667,2321.4,DDoS
3947058,4,0,24,0,6,0,6,0,6.0,0.0,DDoS
93993343,8,6,56,11601,20,5840,0,0,7.0,1933.5,DDoS
43,1,1,6,6,6,6,6,6,6.0,6.0,BENIGN
34601,3,5,26,11607,20,5840,0,0,8.666666667,2321.4,DDoS
7138826,4,0,24,0,6,0,6,0,6.0,0.0,DDoS
178982,2,2,64,182,32,91,32,91,32.0,91.0,BENIGN
13299442,3,3,153,473,58,185,38,143,51.0,157.6666667,BENIGN
1,2,0,12,0,6,0,6,0,6.0,0.0,BENIGN
998756,4,0,24,0,6,0,6,0,6.0,0.0,DDoS
96809168,6,9,11613,62,7215,20,0,0,1935.5,6.888888889,BENIGN
4081913,4,0,24,0,6,0,6,0,6.0,0.0,DDoS
72679237,8,7,56,11601,20,4380,0,0,7.0,1657.285714,DDoS
184,2,2,64,96,32,48,32,48,32.0,48.0,BENIGN
85,1,1,6,6,6,6,6,6,6.0,6.0,BENIGN
94854853,8,5,56,11607,20,7215,0,0,7.0,2321.4,DDoS
10679731,5,0,30,0,6,0,6,0,6.0,0.0,DDoS
66,1,1,6,6,6,6,6,6,6.0,6.0,BENIGN
37,1,1,0,0,0,0,0,0,0.0,0.0,BENIGN
385852,3,6,26,11607,20,5840,0,0,8.666666667,1934.5,DDoS
76264593,6,9,11613,62,10135,20,0,0,1935.5,6.888888889,BENIGN
10189725,5,0,30,0,6,0,6,0,6.0,0.0,DDoS
101886703,8,4,56,11601,20,8760,0,0,7.0,2900.25,DDoS
5724891,5,0,30,0,6,0,6,0,6.0,0.0,DDoS
1732977,5,0,30,0,6,0,6,0,6.0,0.0,DDoS
730900,3,5,26,11607,20,10135,0,0,8.666666667,2321.4,DDoS
9881996,1,6,6,36,6,6,6,6,6.0,6.0,BENIGN
5156898,4,0,24,0,6,0,6,0,6.0,0.0,DDoS
79583182,8,9,11607,62,5840,20,0,0,1450.875,6.888888889,BENIGN
3852365,1,5,6,30,6,6,6,6,6.0,6.0,BENIGN
810360,2,6,20,11601,20,4380,0,0,10.0,1933.5,DDoS
44379,3,5,26,11601,20,4380,0,0,8.666666667,2320.2,DDoS
562,2,0,0,0,0,0,0,0,0.0,0.0,BENIGN
767494,4,0,24,0,6,0,6,0,6.0,0.0,DDoS
7383126,5,0,30,0,6,0,6,0,6.0,0.0,DDoS
190104,48,62,1337,105841,570,2896,0,0,27.85416667,1707.112903,BENIGN
218,2,2,76,154,38,77,38,77,38.0,77.0,BENIGN
10662723,5,0,30,0,6,0,6,0,6.0,0.0,DDoS
99105993,30,37,5256,1718,1051,220,6,6,175.2,46.43243243,BENIGN
32878,1,5,6,30,6,6,6,6,6.0,6.0,BENIGN
7957785,4,0,24,0,6,0,6,0,6.0,0.0,DDoS
2139690,4,0,24,0,6,0,6,0,6.0,0.0,DDoS
95433307,9,6,62,11601,20,4380,0,0,6.888888889,1933.5,DDoS
76287,3,5,26,11607,20,10220,0,0,8.666666667,2321.4,DDoS
3244027,1,5,6,30,6,6,6,6,6.0,6.0,BENIGN
10037191,1,6,6,36,6,6,6,6,6.0,6.0,BENIGN
23768,1,1,95,223,95,223,95,223,95.0,223.0,BENIGN
206908,3,5,26,11601,20,4380,0,0,8.666666667,2320.2,DDoS
2623465,4,0,24,0,6,0,6,0,6.0,0.0,DDoS
16352299,2,2,99,167,54,97,45,70,49.5,83.5,BENIGN
9579678,1,5,6,30,6,6,6,6,6.0,6.0,BENIGN
1818191,3,4,26,11607,20,11595,0,0,8.666666667,2901.75,DDoS
9719242,4,0,24,0,6,0,6,0,6.0,0.0,DDoS
17595,3,4,26,11601,20,10135,0,0,8.666666667,2900.25,DDoS
100286477,8,3,56,11601,20,11595,0,0,7.0,3867.0,DDoS
31221,3,5,26,11601,20,5840,0,0,8.666666667,2320.2,DDoS
161318,3,5,26,11607,20,7300,0,0,8.666666667,2321.4,DDoS
175237,22,22,888,28229,210,3272,0,0,40.36363636,1283.136364,BENIGN
70,1,1,0,0,0,0,0,0,0.0,0.0,BENIGN
35312,3,3,26,11601,20,11595,0,0,8.666666667,3867.0,DDoS
33697,3,6,26,11601,20,2920,0,0,8.666666667,1933.5,DDoS
6316367,1,5,1375,24,1375,6,1375,0,1375.0,4.8,BENIGN
1006850,3,5,26,11607,20,7300,0,0,8.666666667,2321.4,DDoS
34018,3,6,26,11601,20,4380,0,0,8.666666667,1933.5,DDoS
24126,2,2,94,212,47,106,47,106,47.0,106.0,BENIGN
94702330,8,7,56,11601,20,5840,0,0,7.0,1657.285714,DDoS
1703876,4,0,24,0,6,0,6,0,6.0,0.0,DDoS
141,2,2,64,96,32,48,32,48,32.0,48.0,BENIGN
319,2,2,64,258,32,129,32,129,32.0,129.0,BENIGN
23,13,0,650,0,50,0,50,0,50.0,0.0,BENIGN
100354105,9,6,62,11601,20,4380,0,0,6.888888889,1933.5,DDoS
100170259,8,4,56,11607,20,11595,0,0,7.0,2901.75,DDoS
657850,3,6,26,11607,20,5840,0,0,8.666666667,1934.5,DDoS
1146931,3,4,26,11607,20,11595,0,0,8.666666667,2901.75,DDoS
36957,1,1,6,6,6,6,6,6,6.0,6.0,BENIGN
15989,3,4,26,11601,20,8760,0,0,8.666666667,2900.25,DDoS
7772804,4,0,24,0,6,0,6,0,6.0,0.0,DDoS
817612,3,4,26,11601,20,10135,0,0,8.666666667,2900.25,DDoS
3970897,4,0,24,0,6,0,6,0,6.0,0.0,DDoS
3299931,5,0,30,0,6,0,6,0,6.0,0.0,DDoS
32934,3,6,26,11601,20,4380,0,0,8.666666667,1933.5,DDoS
98906,3,4,26,11601,20,8760,0,0,8.666666667,2900.25,DDoS
1832539,3,5,26,11607,20,7215,0,0,8.666666667,2321.4,DDoS
11264457,1,6,6,36,6,6,6,6,6.0,6.0,BENIGN
4820536,5,1,123,46,46,46,0,46,24.6,46.0,BENIGN
6640886,5,0,30,0,6,0,6,0,6.0,0.0,DDoS
15166,3,5,26,11601,20,7300,0,0,8.666666667,2320.2,DDoS
92828519,7,9,11613,62,5840,20,0,0,1659.0,6.888888889,BENIGN
558017,4,0,24,0,6,0,6,0,6.0,0.0,DDoS
116512424,2,2,101,157,52,80,49,77,50.5,78.5,BENIGN
8700829,4,0,24,0,6,0,6,0,6.0,0.0,DDoS
118565507,33,48,1129,52455,246,2198,0,0,34.21212121,1092.8125,BENIGN
430877,3,5,26,11601,20,5840,0,0,8.666666667,2320.2,DDoS
4890911,5,0,30,0,6,0,6,0,6.0,0.0,DDoS
63610,3,6,26,11607,20,4380,0,0,8.666666667,1934.5,DDoS
75686355,8,6,56,11601,20,4380,0,0,7.0,1933.5,DDoS
73710715,8,6,56,11607,20,4380,0,0,7.0,1934.5,DDoS
183,2,2,46,46,23,23,23,23,23.0,23.0,BENIGN
46790,3,4,26,11607,20,11595,0,0,8.666666667,2901.75,DDoS
42362,3,5,26,11601,20,5840,0,0,8.666666667,2320.2,DDoS
2052943,4,0,24,0,6,0,6,0,6.0,0.0,DDoS
211,2,0,0,0,0,0,0,0,0.0,0.0,BENIGN
78365827,8,6,56,11607,20,4380,0,0,7.0,1934.5,DDoS
12153789,4,0,24,0,6,0,6,0,6.0,0.0,DDoS
88208271,5,9,11607,62,7215,20,0,0,2321.4,6.888888889,BENIGN
210,2,2,64,204,32,102,32,102,32.0,102.0,BENIGN
6526778,1,5,6,30,6,6,6,6,6.0,6.0,BENIGN
59830,4,2,256,292,64,146,64,146,64.0,146.0,BENIGN
82259770,8,6,56,11601,20,4380,0,0,7.0,1933.5,DDoS
93557140,7,10,11613,68,5755,20,0,0,1659.0,6.8,BENIGN
82167965,8,5,56,11607,20,7215,0,0,7.0,2321.4,DDoS
1303424,41,42,2728,6634,456,976,0,0,66.53658537,157.952381,BENIGN
80112880,8,5,56,11607,20,5840,0,0,7.0,2321.4,DDoS
870394,3,5,26,11607,20,7215,0,0,8.666666667,2321.4,DDoS
80348763,6,9,12982,56,7300,20,0,0,2163.666667,6.222222222,BENIGN
36503,3,6,26,11601,20,4380,0,0,8.666666667,1933.5,DDoS
634921,3,6,26,11607,20,5840,0,0,8.666666667,1934.5,DDoS
9514540,4,0,24,0,6,0,6,0,6.0,0.0,DDoS
2983966,1,5,6,30,6,6,6,6,6.0,6.0,BENIGN
6021129,4,0,24,0,6,0,6,0,6.0,0.0,DDoS
2439381,1,5,6,30,6,6,6,6,6.0,6.0,BENIGN
5165909,5,0,30,0,6,0,6,0,6.0,0.0,DDoS
26059581,6,6,454,1782,430,1770,0,0,75.66666667,297.0,BENIGN
5415004,3,1,12,0,6,0,0,0,4.0,0.0,BENIGN
1123816,2,7,20,11601,20,4380,0,0,10.0,1657.285714,DDoS
100463,1,1,0,0,0,0,0,0,0.0,0.0,BENIGN
1232163,3,4,26,11607,20,11595,0,0,8.666666667,2901.75,DDoS
2770154,4,0,24,0,6,0,6,0,6.0,0.0,DDoS
264437,3,6,26,11607,20,4380,0,0,8.666666667,1934.5,DDoS
48206,2,2,74,106,37,53,37,53,37.0,53.0,BENIGN
6188863,5,0,30,0,6,0,6,0,6.0,0.0,DDoS
1209355,3,5,26,11601,20,5840,0,0,8.666666667,2320.2,DDoS
80349,1,1,37,85,37,85,37,85,37.0,85.0,BENIGN
6597330,1,5,6,30,6,6,6,6,6.0,6.0,BENIGN
88552615,6,10,11607,68,7300,20,0,0,1934.5,6.8,BENIGN
7129797,4,0,24,0,6,0,6,0,6.0,0.0,DDoS
59782,1,1,63,128,63,128,63,128,63.0,128.0,BENIGN
1432162,1,5,6,30,6,6,6,6,6.0,6.0,BENIGN
73093463,6,9,11607,62,7300,20,0,0,1934.5,6.888888889,BENIGN
104184,3,4,432,2280,426,2266,0,2,144.0,570.0,BENIGN
61270,1,1,48,142,48,142,48,142,48.0,142.0,BENIGN
65090,1,1,56,122,56,122,56,122,56.0,122.0,BENIGN
33893,3,5,26,11607,20,7300,0,0,8.666666667,2321.4,DDoS
93571884,8,4,56,11601,20,8760,0,0,7.0,2900.25,DDoS
1623824,3,6,26,11607,20,5840,0,0,8.666666667,1934.5,DDoS
256,3,0,43,0,31,0,6,0,14.33333333,0.0,BENIGN
1001419,3,6,26,11607,20,7300,0,0,8.666666667,1934.5,DDoS
719221,6,2,11601,26,8760,20,0,6,1933.5,13.0,BENIGN
1718761,3,6,26,11607,20,5840,0,0,8.666666667,1934.5,DDoS
9156781,5,0,30,0,6,0,6,0,6.0,0.0,DDoS
12015416,5,0,30,0,6,0,6,0,6.0,0.0,DDoS
90903502,6,9,11613,62,8675,20,0,0,1935.5,6.888888889,BENIGN
81405534,8,5,56,11607,20,10135,0,0,7.0,2321.4,DDoS
1,2,0,12,0,6,0,6,0,6.0,0.0,BENIGN
111043456,21,19,8539,3344,4152,1533,0,0,406.6190476,176.0,BENIGN
12029644,4,0,24,0,6,0,6,0,6.0,0.0,DDoS
25432,4,4,26,11601,20,4380,0,6,6.5,2900.25,DDoS
9564729,5,9,12982,56,11595,20,0,0,2596.4,6.222222222,BENIGN
566316,3,5,26,11607,20,10220,0,0,8.666666667,2321.4,DDoS
545921,3,0,18,0,6,0,6,0,6.0,0.0,DDoS
257,2,2,64,258,32,129,32,129,32.0,129.0,BENIGN
75899,3,6,26,11601,20,4380,0,0,8.666666667,1933.5,DDoS
3551943,5,0,30,0,6,0,6,0,6.0,0.0,DDoS
97011620,8,6,56,11601,20,4380,0,0,7.0,1933.5,DDoS
7316828,4,0,24,0,6,0,6,0,6.0,0.0,DDoS
91668709,9,5,62,11601,20,7300,0,0,6.888888889,2320.2,DDoS
35215,2,0,0,0,0,0,0,0,0.0,0.0,BENIGN
4646391,4,0,24,0,6,0,6,0,6.0,0.0,DDoS
187,2,2,78,110,39,55,39,55,39.0,55.0,BENIGN
48927,2,2,104,244,52,122,52,122,52.0,122.0,BENIGN
1254469,3,5,26,11607,20,5840,0,0,8.666666667,2321.4,DDoS
139,2,1,0,0,0,0,0,0,0.0,0.0,BENIGN
74388,3,6,26,11601,20,4380,0,0,8.666666667,1933.5,DDoS
1872128,3,5,26,11601,20,4380,0,0,8.666666667,2320.2,DDoS
101,2,0,0,0,0,0,0,0,0.0,0.0,BENIGN
8269271,4,0,24,0,6,0,6,0,6.0,0.0,DDoS
2199974,5,0,30,0,6,0,6,0,6.0,0.0,DDoS
31651,3,5,26,11601,20,7300,0,0,8.666666667,2320.2,DDoS
9928753,5,0,30,0,6,0,6,0,6.0,0.0,DDoS
91860347,8,4,56,11607,20,11595,0,0,7.0,2901.75,DDoS
205,2,2,64,204,32,102,32,102,32.0,102.0,BENIGN
705821,3,6,26,11601,20,4380,0,0,8.666666667,1933.5,DDoS
243897,2,0,12,0,6,0,6,0,6.0,0.0,BENIGN
5328913,1,6,6,36,6,6,6,6,6.0,6.0,BENIGN
277,2,2,64,162,32,81,32,81,32.0,81.0,BENIGN
200801,3,4,26,11601,20,8760,0,0,8.666666667,2900.25,DDoS
4022923,4,0,24,0,6,0,6,0,6.0,0.0,DDoS
463,2,2,356,358,178,179,178,179,178.0,179.0,BENIGN
138110,3,5,26,11601,20,5840,0,0,8.666666667,2320.2,DDoS
93170232,8,6,56,11607,20,5755,0,0,7.0,1934.5,DDoS
3019930,4,0,24,0,6,0,6,0,6.0,0.0,DDoS
1123826,3,6,26,11607,20,5840,0,0,8.666666667,1934.5,DDoS
77061090,5,9,11607,62,8760,20,0,0,2321.4,6.888888889,BENIGN
294,3,0,31,0,31,0,0,0,10.33333333,0.0,BENIGN
406201,3,6,26,11607,20,5840,0,0,8.666666667,1934.5,DDoS
86912636,8,4,56,11601,20,10135,0,0,7.0,2900.25,DDoS
12078991,5,0,30,0,6,0,6,0,6.0,0.0,DDoS
5217891,4,0,24,0,6,0,6,0,6.0,0.0,DDoS
11,1,1,6,6,6,6,6,6,6.0,6.0,BENIGN
1206985,5,0,30,0,6,0,6,0,6.0,0.0,DDoS
5280318,6,4,2128,964,1121,491,0,0,354.6666667,241.0,BENIGN
93607096,5,9,11613,62,11595,20,0,0,2322.6,6.888888889,BENIGN
8036762,4,0,24,0,6,0,6,0,6.0,0.0,DDoS
88081,3,6,26,11601,20,4380,0,0,8.666666667,1933.5,DDoS
71906873,23,23,8109,9279,1696,1601,0,0,352.5652174,403.4347826,BENIGN
1101126,3,5,26,11607,20,7215,0,0,8.666666667,2321.4,DDoS
171,2,2,64,258,32,129,32,129,32.0,129.0,BENIGN
72779327,5,9,11607,62,8760,20,0,0,2321.4,6.888888889,BENIGN
1919124,1,5,6,30,6,6,6,6,6.0,6.0,BENIGN
197,2,2,60,180,30,90,30,90,30.0,90.0,BENIGN
10067754,5,0,30,0,6,0,6,0,6.0,0.0,DDoS
2076763,6,0,36,0,6,0,6,0,6.0,0.0,DDoS
687730,3,5,26,11607,20,5840,0,0,8.666666667,2321.4,DDoS
654504,3,5,26,11601,20,4380,0,0,8.666666667,2320.2,DDoS
5488567,4,0,24,0,6,0,6,0,6.0,0.0,DDoS
865084,5,0,30,0,6,0,6,0,6.0,0.0,DDoS
6853831,4,0,24,0,6,0,6,0,6.0,0.0,DDoS
79877156,8,5,56,11607,20,5840,0,0,7.0,2321.4,DDoS
95147,1,1,0,0,0,0,0,0,0.0,0.0,BENIGN
1108967,3,5,26,11607,20,10135,0,0,8.666666667,2321.4,DDoS
151,2,2,78,110,39,55,39,55,39.0,55.0,BENIGN
12,3,0,65,0,53,0,6,0,21.66666667,0.0,BENIGN
71375078,6,9,11607,62,7300,20,0,0,1934.5,6.888888889,BENIGN
28056,5,0,30,0,6,0,6,0,6.0,0.0,DDoS
8890807,5,0,30,0,6,0,6,0,6.0,0.0,DDoS
706249,3,6,26,11601,20,4380,0,0,8.666666667,1933.5,DDoS
48687,3,4,442,871,436,859,0,0,147.3333333,217.75,BENIGN
95429418,7,9,11607,62,4380,20,0,0,1658.142857,6.888888889,BENIGN
80940019,8,6,56,11601,20,5840,0,0,7.0,1933.5,DDoS
100189837,9,6,62,11601,20,4380,0,0,6.888888889,1933.5,DDoS
2971978,5,0,30,0,6,0,6,0,6.0,0.0,DDoS
17122,3,4,26,11607,20,11595,0,0,8.666666667,2901.75,DDoS
616211,3,5,26,11607,20,5840,0,0,8.666666667,2321.4,DDoS
3893918,5,0,30,0,6,0,6,0,6.0,0.0,DDoS
80931817,8,5,56,11601,20,4380,0,0,7.0,2320.2,DDoS
48,2,0,12,0,6,0,6,0,6.0,0.0,BENIGN
8680716,5,0,30,0,6,0,6,0,6.0,0.0,DDoS
60912,4,2,132,250,33,125,33,125,33.0,125.0,BENIGN
1198612,3,5,26,11607,20,7215,0,0,8.666666667,2321.4,DDoS
10955670,5,0,30,0,6,0,6,0,6.0,0.0,DDoS
1165426,3,5,26,11607,20,5840,0,0,8.666666667,2321.4,DDoS
5125040,5,0,30,0,6,0,6,0,6.0,0.0,DDoS
49,2,0,12,0,6,0,6,0,6.0,0.0,BENIGN
92357771,8,5,56,11607,20,5840,0,0,7.0,2321.4,DDoS
78600218,25,32,2901,15702,517,2313,0,0,116.04,490.6875,BENIGN
901409,7,2,11607,26,5840,20,0,6,1658.142857,13.0,BENIGN
205,2,2,64,204,32,102,32,102,32.0,102.0,BENIGN
262,2,2,48,178,24,89,24,89,24.0,89.0,BENIGN
2586121,1,5,6,30,6,6,6,6,6.0,6.0,BENIGN
89895790,8,4,56,11607,20,11595,0,0,7.0,2901.75,DDoS
6088664,1,5,6,30,6,6,6,6,6.0,6.0,BENIGN
80041,4,0,24,0,6,0,6,0,6.0,0.0,DDoS
413514,4,0,24,0,6,0,6,0,6.0,0.0,DDoS
1574023,3,5,26,11607,20,5840,0,0,8.666666667,2321.4,DDoS
671654,3,6,26,11607,20,5840,0,0,8.666666667,1934.5,DDoS
18317728,102,182,3670,245547,437,1413,0,0,35.98039216,1349.159341,BENIGN
1184993,4,0,24,0,6,0,6,0,6.0,0.0,DDoS
1709553,3,5,26,11601,20,7300,0,0,8.666666667,2320.2,DDoS
10933720,4,0,24,0,6,0,6,0,6.0,0.0,DDoS
6109578,4,0,24,0,6,0,6,0,6.0,0.0,DDoS
32980,4,2,140,192,35,96,35,96,35.0,96.0,BENIGN
975168,3,6,26,11601,20,4380,0,0,8.666666667,1933.5,DDoS
1113201,3,5,26,11607,20,7215,0,0,8.666666667,2321.4,DDoS
1803766,3,5,26,11601,20,4380,0,0,8.666666667,2320.2,DDoS
11778580,4,0,24,0,6,0,6,0,6.0,0.0,DDoS
10589379,1,5,6,30,6,6,6,6,6.0,6.0,BENIGN
9516719,4,0,24,0,6,0,6,0,6.0,0.0,DDoS
1203238,3,6,26,11607,20,5840,0,0,8.666666667,1934.5,DDoS
72156580,9,5,62,11601,20,8760,0,0,6.888888889,2320.2,DDoS
171,2,2,62,94,31,47,31,47,31.0,47.0,BENIGN
5480818,3,1,12,2,6,2,0,2,4.0,2.0,BENIGN
145465,3,3,456,834,450,503,0,0,152.0,278.0,BENIGN
100671224,8,5,56,11601,20,5840,0,0,7.0,2320.2,DDoS
181,2,2,84,116,42,58,42,58,42.0,58.0,BENIGN
2072978,4,0,24,0,6,0,6,0,6.0,0.0,DDoS
487108,3,5,26,11607,20,7215,0,0,8.666666667,2321.4,DDoS
2248930,6,0,36,0,6,0,6,0,6.0,0.0,DDoS
10074781,4,0,24,0,6,0,6,0,6.0,0.0,DDoS
80344588,8,6,56,11601,20,4380,0,0,7.0,1933.5,DDoS
81270924,7,10,11613,68,5840,20,0,0,1659.0,6.8,BENIGN
8725776,5,0,30,0,6,0,6,0,6.0,0.0,DDoS
802,2,0,12,0,6,0,6,0,6.0,0.0,BENIGN
3285991,5,0,30,0,6,0,6,0,6.0,0.0,DDoS
282,2,2,62,94,31,47,31,47,31.0,47.0,BENIGN
205,2,2,64,204,32,102,32,102,32.0,102.0,BENIGN
30963,1,1,49,65,49,65,49,65,49.0,65.0,BENIGN
49,2,0,12,0,6,0,6,0,6.0,0.0,BENIGN
17653,3,4,26,11601,20,8760,0,0,8.666666667,2900.25,DDoS
514,1,1,47,191,47,191,47,191,47.0,191.0,BENIGN
59241,3,4,26,11607,20,11595,0,0,8.666666667,2901.75,DDoS
81871202,6,9,11613,62,10135,20,0,0,1935.5,6.888888889,BENIGN
5,4,0,24,0,6,0,6,0,6.0,0.0,BENIGN
7159832,5,0,30,0,6,0,6,0,6.0,0.0,DDoS
860812,3,6,26,11607,20,4380,0,0,8.666666667,1934.5,DDoS
17676,3,5,26,11607,20,7215,0,0,8.666666667,2321.4,DDoS
19742,3,4,26,11601,20,8760,0,0,8.666666667,2900.25,DDoS
9419726,5,0,30,0,6,0,6,0,6.0,0.0,DDoS
604364,3,5,26,11607,20,7300,0,0,8.666666667,2321.4,DDoS
2,1,2,6,12,6,6,6,6,6.0,6.0,BENIGN
1775561,3,5,26,11601,20,4380,0,0,8.666666667,2320.2,DDoS
3972907,5,0,30,0,6,0,6,0,6.0,0.0,DDoS
1524066,1,5,1375,24,1375,6,1375,0,1375.0,4.8,BENIGN
204,2,2,68,216,34,108,34,108,34.0,108.0,BENIGN
987110,3,4,26,11601,20,10135,0,0,8.666666667,2900.25,DDoS
10528809,5,0,30,0,6,0,6,0,6.0,0.0,DDoS
4982016,1,5,6,30,6,6,6,6,6.0,6.0,BENIGN
1165792,3,6,26,11601,20,4380,0,0,8.666666667,1933.5,DDoS
80371295,8,4,56,11601,20,7215,0,0,7.0,2900.25,DDoS
81858278,9,5,62,11601,20,5840,0,0,6.888888889,2320.2,DDoS
88615334,8,6,56,11607,20,5840,0,0,7.0,1934.5,DDoS
230,2,2,62,274,31,137,31,137,31.0,137.0,BENIGN
81191656,8,4,56,11601,20,8760,0,0,7.0,2900.25,DDoS
299617,1,1,43,87,43,87,43,87,43.0,87.0,BENIGN
27141,3,5,26,11607,20,10135,0,0,8.666666667,2321.4,DDoS
81363729,4,0,24,0,6,0,6,0,6.0,0.0,DDoS
282,2,2,76,300,38,150,38,150,38.0,150.0,BENIGN
420100,3,3,684,0,684,0,0,0,228.0,0.0,BENIGN
739519,1,5,6,30,6,6,6,6,6.0,6.0,BENIGN
1950980,4,0,24,0,6,0,6,0,6.0,0.0,DDoS
10045765,5,0,30,0,6,0,6,0,6.0,0.0,DDoS
5344895,4,0,24,0,6,0,6,0,6.0,0.0,DDoS
1122406,3,6,26,11601,20,5755,0,0,8.666666667,1933.5,DDoS
711861,5,2,11601,26,7300,20,0,6,2320.2,13.0,BENIGN
84913530,8,5,56,11607,20,10135,0,0,7.0,2321.4,DDoS
112951,3,6,26,11601,20,4380,0,0,8.666666667,1933.5,DDoS
228,2,2,70,102,35,51,35,51,35.0,51.0,BENIGN
9424481,90,129,3065,165855,389,1413,0,0,34.05555556,1285.697674,BENIGN
632976,3,4,26,11607,20,11595,0,0,8.666666667,2901.75,DDoS
8050808,4,0,24,0,6,0,6,0,6.0,0.0,DDoS
750599,6,2,11607,26,8760,20,0,6,1934.5,13.0,BENIGN
23556,1,1,52,68,52,68,52,68,52.0,68.0,BENIGN
6092798,5,0,30,0,6,0,6,0,6.0,0.0,DDoS
6304341,1,4,6,24,6,6,6,6,6.0,6.0,BENIGN
31427,3,3,26,11601,20,11595,0,0,8.666666667,3867.0,DDoS
63074652,7,2,187,92,46,46,6,46,26.71428571,46.0,BENIGN
58140,3,5,26,11601,20,7300,0,0,8.666666667,2320.2,DDoS
4242935,5,0,30,0,6,0,6,0,6.0,0.0,DDoS
884770,3,5,26,11607,20,10135,0,0,8.666666667,2321.4,DDoS
73849819,6,9,11607,62,8760,20,0,0,1934.5,6.888888889,BENIGN
97426901,8,6,56,11607,20,4380,0,0,7.0,1934.5,DDoS
59854,1,1,58,143,58,143,58,143,58.0,143.0,BENIGN
3269971,5,0,30,0,6,0,6,0,6.0,0.0,DDoS
24015,1,1,50,66,50,66,50,66,50.0,66.0,BENIGN
45748,3,6,26,11601,20,5840,0,0,8.666666667,1933.5,DDoS
11283723,4,0,24,0,6,0,6,0,6.0,0.0,DDoS
30283,3,4,26,11607,20,11595,0,0,8.666666667,2901.75,DDoS
6040836,4,0,24,0,6,0,6,0,6.0,0.0,DDoS
4006902,5,0,30,0,6,0,6,0,6.0,0.0,DDoS
81640691,9,5,62,11601,20,7300,0,0,6.888888889,2320.2,DDoS
99595377,8,5,56,11607,20,10135,0,0,7.0,2321.4,DDoS
10115521,7,5,50,11607,20,7215,0,0,7.142857143,2321.4,DDoS
96608820,9,4,62,11601,20,7215,0,0,6.888888889,2900.25,DDoS
80702137,8,5,56,11607,20,7300,0,0,7.0,2321.4,DDoS
87556354,7,9,11607,62,7300,20,0,0,1658.142857,6.888888889,BENIGN
518663,3,6,26,11607,20,5755,0,0,8.666666667,1934.5,DDoS
169,2,2,64,96,32,48,32,48,32.0,48.0,BENIGN
682992,6,2,11601,26,8760,20,0,6,1933.5,13.0,BENIGN
1034870,3,5,26,11601,20,7300,0,0,8.666666667,2320.2,DDoS
228,2,2,64,204,32,102,32,102,32.0,102.0,BENIGN
988,2,0,12,0,6,0,6,0,6.0,0.0,BENIGN
8074053,8,5,56,11607,20,10135,0,0,7.0,2321.4,DDoS
2020389,1,6,6,36,6,6,6,6,6.0,6.0,BENIGN
5036881,4,0,24,0,6,0,6,0,6.0,0.0,DDoS
10240744,4,0,24,0,6,0,6,0,6.0,0.0,DDoS
61221218,15,15,664,4330,339,1448,0,0,44.26666667,288.6666667,BENIGN
7274037,1,6,6,36,6,6,6,6,6.0,6.0,BENIGN
73101201,8,6,56,11607,20,5840,0,0,7.0,1934.5,DDoS
216,2,2,70,168,35,84,35,84,35.0,84.0,BENIGN
1106561,3,5,26,11607,20,10135,0,0,8.666666667,2321.4,DDoS
7269903,1,7,6,42,6,6,6,6,6.0,6.0,BENIGN
62505242,7,2,187,92,46,46,6,46,26.71428571,46.0,BENIGN
1394973,3,4,26,11607,20,11595,0,0,8.666666667,2901.75,DDoS
118599340,23,19,1428,5880,444,979,0,0,62.08695652,309.4736842,BENIGN
46032629,9,9,494,2154,452,1460,0,0,54.88888889,239.3333333,BENIGN
4042957,5,0,30,0,6,0,6,0,6.0,0.0,DDoS
530464,3,4,26,11607,20,11595,0,0,8.666666667,2901.75,DDoS
8050923,1,6,1375,30,1375,6,1375,0,1375.0,5.0,BENIGN
57485,3,6,26,11601,20,4380,0,0,8.666666667,1933.5,DDoS
98985150,8,5,56,11607,20,7215,0,0,7.0,2321.4,DDoS
561,3,0,0,0,0,0,0,0,0.0,0.0,BENIGN
8032782,4,0,24,0,6,0,6,0,6.0,0.0,DDoS
231242,1,5,6,30,6,6,6,6,6.0,6.0,BENIGN
1334080,3,7,26,11601,20,4380,0,0,8.666666667,1657.285714,DDoS
9536753,4,0,24,0,6,0,6,0,6.0,0.0,DDoS
517266,3,6,26,11607,20,8760,0,0,8.666666667,1934.5,DDoS
55107,3,5,26,11607,20,7215,0,0,8.666666667,2321.4,DDoS
7660249,1,6,6,36,6,6,6,6,6.0,6.0,BENIGN
758082,7,2,11601,26,4380,20,0,6,1657.285714,13.0,BENIGN
257,2,2,80,176,40,88,40,88,40.0,88.0,BENIGN
2043855,5,0,30,0,6,0,6,0,6.0,0.0,DDoS
12093664,5,0,30,0,6,0,6,0,6.0,0.0,DDoS
151471,1,1,6,6,6,6,6,6,6.0,6.0,BENIGN
2097976,4,0,24,0,6,0,6,0,6.0,0.0,DDoS
4031595,5,0,30,0,6,0,6,0,6.0,0.0,DDoS
71286996,8,5,56,11607,20,5840,0,0,7.0,2321.4,DDoS
1546011,39,0,1950,0,50,0,50,0,50.0,0.0,BENIGN
618455,3,6,26,11607,20,4380,0,0,8.666666667,1934.5,DDoS
56,1,1,0,0,0,0,0,0,0.0,0.0,BENIGN
163439,3,4,26,11607,20,11595,0,0,8.666666667,2901.75,DDoS
60149952,5,3,213,1618,195,1612,0,0,42.6,539.3333333,BENIGN
11174689,5,0,30,0,6,0,6,0,6.0,0.0,DDoS
617946,3,5,26,11607,20,5840,0,0,8.666666667,2321.4,DDoS
650866,6,2,11607,26,7215,20,0,6,1934.5,13.0,BENIGN
6043869,4,0,24,0,6,0,6,0,6.0,0.0,DDoS
87598816,8,5,56,11607,20,5840,0,0,7.0,2321.4,DDoS
9888740,5,0,30,0,6,0,6,0,6.0,0.0,DDoS
139710,4,2,168,116,42,58,42,58,42.0,58.0,BENIGN
485288,1,6,6,36,6,6,6,6,6.0,6.0,BENIGN
5672841,5,0,30,0,6,0,6,0,6.0,0.0,DDoS
1817749,1,7,6,42,6,6,6,6,6.0,6.0,BENIGN
5282706,3,1,12,0,6,0,0,0,4.0,0.0,BENIGN
161,2,2,328,330,164,165,164,165,164.0,165.0,BENIGN
10288738,4,0,24,0,6,0,6,0,6.0,0.0,DDoS
203466,3,4,26,11607,20,11595,0,0,8.666666667,2901.75,DDoS
124,2,0,0,0,0,0,0,0,0.0,0.0,BENIGN
6392859,1,6,1375,30,1375,6,1375,0,1375.0,5.0,BENIGN
194,2,2,66,98,33,49,33,49,33.0,49.0,BENIGN
80336694,6,9,11613,62,7215,20,0,0,1935.5,6.888888889,BENIGN
560980,3,5,26,11607,20,7215,0,0,8.666666667,2321.4,DDoS
376350,3,5,26,11601,20,7300,0,0,8.666666667,2320.2,DDoS
35805,3,6,26,11601,20,4380,0,0,8.666666667,1933.5,DDoS
10388671,9,14,1843,11351,1494,1689,0,0,204.7777778,810.7857143,BENIGN
9569001,4,0,24,0,6,0,6,0,6.0,0.0,DDoS
278850,2,6,20,11601,20,5840,0,0,10.0,1933.5,DDoS
137,2,2,62,94,31,47,31,47,31.0,47.0,BENIGN
115991000,27,31,860,26523,380,4380,0,0,31.85185185,855.5806452,BENIGN
6035871,5,0,30,0,6,0,6,0,6.0,0.0,DDoS
5187784,8,6,602,2794,342,1451,0,0,75.25,465.6666667,BENIGN
1235820,7,2,11607,26,5840,20,0,6,1658.142857,13.0,BENIGN
110229,3,5,26,11607,20,8760,0,0,8.666666667,2321.4,DDoS
1810224,3,5,26,11601,20,4380,0,0,8.666666667,2320.2,DDoS
331,2,2,80,194,40,97,40,97,40.0,97.0,BENIGN
1014490,3,5,26,11607,20,7215,0,0,8.666666667,2321.4,DDoS
156,2,2,74,130,37,65,37,65,37.0,65.0,BENIGN
29936,3,4,26,11601,20,8760,0,0,8.666666667,2900.25,DDoS
39185,3,5,26,11601,20,5840,0,0,8.666666667,2320.2,DDoS
231850,3,1,18,0,6,0,6,0,6.0,0.0,BENIGN
114,2,0,12,0,6,0,6,0,6.0,0.0,BENIGN
7336843,5,0,30,0,6,0,6,0,6.0,0.0,DDoS
2978387,4,0,24,0,6,0,6,0,6.0,0.0,DDoS
5143196,9,7,375,5182,188,1460,0,0,41.66666667,740.2857143,BENIGN
32511418,7,7,434,1806,434,1806,0,0,62.0,258.0,BENIGN
4086949,5,0,30,0,6,0,6,0,6.0,0.0,DDoS
892993,3,5,26,11607,20,8675,0,0,8.666666667,2321.4,DDoS
4883458,5,1,135,46,46,46,6,46,27.0,46.0,BENIGN
11726994,1,6,6,36,6,6,6,6,6.0,6.0,BENIGN
156,2,2,66,98,33,49,33,49,33.0,49.0,BENIGN
5208261,4,0,24,0,6,0,6,0,6.0,0.0,DDoS
81754717,8,6,56,11601,20,5840,0,0,7.0,1933.5,DDoS
1742279,3,6,26,11601,20,5840,0,0,8.666666667,1933.5,DDoS
5656323,4,0,24,0,6,0,6,0,6.0,0.0,DDoS
74275,3,4,26,11601,20,8760,0,0,8.666666667,2900.25,DDoS
566035,3,5,26,11607,20,8675,0,0,8.666666667,2321.4,DDoS
1052706,3,6,26,11607,20,5840,0,0,8.666666667,1934.5,DDoS
81539434,9,5,62,11601,20,8760,0,0,6.888888889,2320.2,DDoS
7763257,1,5,6,30,6,6,6,6,6.0,6.0,BENIGN
2830330,1,5,6,30,6,6,6,6,6.0,6.0,BENIGN
5496882,53,70,350,126447,350,4344,0,0,6.603773585,1806.385714,BENIGN
756,2,2,500,2860,250,1430,250,1430,250.0,1430.0,BENIGN
8629,3,4,26,11601,20,10220,0,0,8.666666667,2900.25,DDoS
36909,3,5,26,11607,20,10135,0,0,8.666666667,2321.4,DDoS
113128,3,6,26,11607,20,5840,0,0,8.666666667,1934.5,DDoS
418367,3,6,26,11607,20,5840,0,0,8.666666667,1934.5,DDoS
152,2,2,104,136,52,68,52,68,52.0,68.0,BENIGN
82487167,8,6,56,11601,20,2920,0,0,7.0,1933.5,DDoS
47480,1,1,48,112,48,112,48,112,48.0,112.0,BENIGN
1815779,3,6,26,11601,20,2920,0,0,8.666666667,1933.5,DDoS
80309422,8,4,56,11601,20,8760,0,0,7.0,2900.25,DDoS
5315456,8,7,413,5082,232,2099,0,0,51.625,726.0,BENIGN
30841,1,1,61,89,61,89,61,89,61.0,89.0,BENIGN
73579901,5,10,11613,68,11595,20,0,0,2322.6,6.8,BENIGN
4059176,2,2,94,238,48,128,46,110,47.0,119.0,BENIGN
87164429,6,9,11613,62,5840,20,0,0,1935.5,6.888888889,BENIGN
81101805,8,4,56,11601,20,8760,0,0,7.0,2900.25,DDoS
73252635,9,7,62,11601,20,2920,0,0,6.888888889,1657.285714,DDoS
9249347,1,6,1375,30,1375,6,1375,0,1375.0,5.0,BENIGN
61769431,9,7,2506,4221,1269,1460,0,0,278.4444444,603.0,BENIGN
2673100,5,0,30,0,6,0,6,0,6.0,0.0,DDoS
4,2,0,124,0,62,0,62,0,62.0,0.0,BENIGN
188,2,0,12,0,6,0,6,0,6.0,0.0,BENIGN
1202027,3,6,26,11601,20,4380,0,0,8.666666667,1933.5,DDoS
161,2,2,78,110,39,55,39,55,39.0,55.0,BENIGN
20490675,6,6,454,1782,430,1770,0,0,75.66666667,297.0,BENIGN
690522,4,0,24,0,6,0,6,0,6.0,0.0,DDoS
1571482,3,4,26,11601,20,7215,0,0,8.666666667,2900.25,DDoS
7034641,1,5,1375,24,1375,6,1375,0,1375.0,4.8,BENIGN
1839927,3,7,26,11601,20,2920,0,0,8.666666667,1657.285714,DDoS
21410434,5,0,30,0,6,0,6,0,6.0,0.0,DDoS
1516045,1,5,6,30,6,6,6,6,6.0,6.0,BENIGN
76281678,8,5,56,11601,20,5840,0,0,7.0,2320.2,DDoS
654788,3,4,26,11601,20,8760,0,0,8.666666667,2900.25,DDoS
512241,3,4,26,11601,20,8760,0,0,8.666666667,2900.25,DDoS
37015,3,4,26,11601,20,7215,0,0,8.666666667,2900.25,DDoS
74501,3,5,26,11601,20,7300,0,0,8.666666667,2320.2,DDoS
1211322,3,4,26,11601,20,8760,0,0,8.666666667,2900.25,DDoS
91038,4,0,24,0,6,0,6,0,6.0,0.0,DDoS
77926977,5,9,11607,62,7215,20,0,0,2321.4,6.888888889,BENIGN
9792324,4,0,24,0,6,0,6,0,6.0,0.0,DDoS
71992523,6,9,12976,56,7300,20,0,0,2162.666667,6.222222222,BENIGN
11419685,4,0,24,0,6,0,6,0,6.0,0.0,DDoS
3819959,4,0,24,0,6,0,6,0,6.0,0.0,DDoS
8534753,4,0,24,0,6,0,6,0,6.0,0.0,DDoS
1088455,3,5,26,11607,20,7300,0,0,8.666666667,2321.4,DDoS
246,2,2,76,332,38,166,38,166,38.0,166.0,BENIGN
528910,3,5,26,11607,20,10135,0,0,8.666666667,2321.4,DDoS
1884164,5,0,30,0,6,0,6,0,6.0,0.0,DDoS
1432687,3,5,26,11601,20,7300,0,0,8.666666667,2320.2,DDoS
30403,3,6,26,11601,20,4380,0,0,8.666666667,1933.5,DDoS
61416,1,1,53,109,53,109,53,109,53.0,109.0,BENIGN
213,2,2,68,216,34,108,34,108,34.0,108.0,BENIGN
100191989,8,4,56,11601,20,8760,0,0,7.0,2900.25,DDoS
12084664,4,0,24,0,6,0,6,0,6.0,0.0,DDoS
20725842,14,12,1347,12286,712,2896,0,0,96.21428571,1023.833333,BENIGN
1090992,5,0,30,0,6,0,6,0,6.0,0.0,DDoS
142342,48,56,1331,107289,570,4344,0,0,27.72916667,1915.875,BENIGN
30562,3,5,26,11607,20,10220,0,0,8.666666667,2321.4,DDoS
3182876,1,5,6,30,6,6,6,6,6.0,6.0,BENIGN
1270615,6,2,11601,26,4380,20,0,6,1933.5,13.0,BENIGN
91585177,9,6,62,11601,20,5840,0,0,6.888888889,1933.5,DDoS
51662,3,5,26,11607,20,5840,0,0,8.666666667,2321.4,DDoS
1329957,3,5,26,11601,20,4380,0,0,8.666666667,2320.2,DDoS
34062,3,6,26,11607,20,5755,0,0,8.666666667,1934.5,DDoS
1487447,3,4,26,11607,20,11595,0,0,8.666666667,2901.75,DDoS
208,2,2,64,96,32,48,32,48,32.0,48.0,BENIGN
1663297,3,4,26,11607,20,11595,0,0,8.666666667,2901.75,DDoS
9368164,4,0,24,0,6,0,6,0,6.0,0.0,DDoS
6103190,1,5,6,30,6,6,6,6,6.0,6.0,BENIGN
76879347,8,4,56,11607,20,11595,0,0,7.0,2901.75,DDoS
78745,4,2,136,100,34,50,34,50,34.0,50.0,BENIGN
63472,4,2,216,226,54,113,54,113,54.0,113.0,BENIGN
153,2,2,70,102,35,51,35,51,35.0,51.0,BENIGN
23048,3,4,26,11601,20,7215,0,0,8.666666667,2900.25,DDoS
819037,3,6,26,11607,20,5840,0,0,8.666666667,1934.5,DDoS
10867949,4,0,24,0,6,0,6,0,6.0,0.0,DDoS
8116663,5,9,11607,62,8760,20,0,0,2321.4,6.888888889,BENIGN
499982,3,4,26,11601,20,8760,0,0,8.666666667,2900.25,DDoS
3841452,1,5,1375,24,1375,6,1375,0,1375.0,4.8,BENIGN
795410,3,6,26,11601,20,4380,0,0,8.666666667,1933.5,DDoS
1584778,3,6,26,11607,20,5840,0,0,8.666666667,1934.5,DDoS
4891889,5,0,30,0,6,0,6,0,6.0,0.0,DDoS
1053920,3,5,26,11607,20,7215,0,0,8.666666667,2321.4,DDoS
4050548,1,5,6,30,6,6,6,6,6.0,6.0,BENIGN
3922905,4,0,24,0,6,0,6,0,6.0,0.0,DDoS
5398793,3,1,12,0,6,0,0,0,4.0,0.0,BENIGN
47422,3,4,441,871,435,859,0,0,147.0,217.75,BENIGN
201,2,2,66,164,33,82,33,82,33.0,82.0,BENIGN
422381,7,2,11601,26,4380,20,0,6,1657.285714,13.0,BENIGN
8750682,1,5,6,30,6,6,6,6,6.0,6.0,BENIGN
32044,3,6,26,11601,20,4380,0,0,8.666666667,1933.5,DDoS
227,2,2,82,182,41,91,41,91,41.0,91.0,BENIGN
1,2,0,12,0,6,0,6,0,6.0,0.0,BENIGN
4271428,5,2,129,52,46,46,0,6,25.8,26.0,BENIGN
1947941,4,0,24,0,6,0,6,0,6.0,0.0,DDoS
179,2,0,0,0,0,0,0,0,0.0,0.0,BENIGN
4,2,0,124,0,62,0,62,0,62.0,0.0,BENIGN
181,2,2,66,98,33,49,33,49,33.0,49.0,BENIGN
1669923,4,0,24,0,6,0,6,0,6.0,0.0,DDoS
8761239,7,4,50,11601,20,7215,0,0,7.142857143,2900.25,DDoS
5955056,1,5,6,30,6,6,6,6,6.0,6.0,BENIGN
32924,3,5,26,11601,20,4380,0,0,8.666666667,2320.2,DDoS
81156411,9,6,62,11601,20,5840,0,0,6.888888889,1933.5,DDoS
2059029,4,0,24,0,6,0,6,0,6.0,0.0,DDoS
49685,3,6,26,11601,20,4380,0,0,8.666666667,1933.5,DDoS
3419025,4,0,24,0,6,0,6,0,6.0,0.0,DDoS
793549,3,5,26,11607,20,10135,0,0,8.666666667,2321.4,DDoS
80336785,6,9,12982,56,10220,20,0,0,2163.666667,6.222222222,BENIGN
1969695,1,6,1375,30,1375,6,1375,0,1375.0,5.0,BENIGN
653082,3,6,26,11607,20,4380,0,0,8.666666667,1934.5,DDoS
5025890,5,0,30,0,6,0,6,0,6.0,0.0,DDoS
4,2,0,0,0,0,0,0,0,0.0,0.0,BENIGN
217,2,2,86,204,43,102,43,102,43.0,102.0,BENIGN
93120,4,2,136,228,34,114,34,114,34.0,114.0,BENIGN
731170,3,4,26,11601,20,8760,0,0,8.666666667,2900.25,DDoS
374331,3,6,26,11601,20,4380,0,0,8.666666667,1933.5,DDoS
419751,3,4,673,421,673,421,0,0,224.3333333,105.25,BENIGN
2709928,4,0,24,0,6,0,6,0,6.0,0.0,DDoS
10069560,1,6,1375,30,1375,6,1375,0,1375.0,5.0,BENIGN
538,3,1,43,6,31,6,6,6,14.33333333,6.0,BENIGN
4013965,5,0,30,0,6,0,6,0,6.0,0.0,DDoS
89556770,8,6,56,11607,20,4380,0,0,7.0,1934.5,DDoS
24052,2,2,72,104,36,52,36,52,36.0,52.0,BENIGN
23450,1,1,57,122,57,122,57,122,57.0,122.0,BENIGN
49,2,0,12,0,6,0,6,0,6.0,0.0,BENIGN
187,2,2,60,264,30,132,30,132,30.0,132.0,BENIGN
93100515,8,4,56,11607,20,11595,0,0,7.0,2901.75,DDoS
1608722,3,5,26,11607,20,10135,0,0,8.666666667,2321.4,DDoS
196,2,2,78,238,39,119,39,119,39.0,119.0,BENIGN
1,2,0,12,0,6,0,6,0,6.0,0.0,BENIGN
1452510,5,0,30,0,6,0,6,0,6.0,0.0,DDoS
6091844,4,0,24,0,6,0,6,0,6.0,0.0,DDoS
530380,3,6,26,11607,20,4380,0,0,8.666666667,1934.5,DDoS
519457,3,4,26,11601,20,10135,0,0,8.666666667,2900.25,DDoS
8949444,1,6,1375,30,1375,6,1375,0,1375.0,5.0,BENIGN
65,1,1,6,6,6,6,6,6,6.0,6.0,BENIGN
644787,3,5,26,11607,20,7215,0,0,8.666666667,2321.4,DDoS
698775,3,6,26,11607,20,5840,0,0,8.666666667,1934.5,DDoS
1335996,5,0,30,0,6,0,6,0,6.0,0.0,DDoS
30414,3,4,26,11601,20,8760,0,0,8.666666667,2900.25,DDoS
48309,1,1,41,105,41,105,41,105,41.0,105.0,BENIGN
30963,2,2,60,160,30,80,30,80,30.0,80.0,BENIGN
77881923,8,5,56,11607,20,7215,0,0,7.0,2321.4,DDoS
4,2,0,0,0,0,0,0,0,0.0,0.0,BENIGN
384876,3,4,26,11607,20,11595,0,0,8.666666667,2901.75,DDoS
9937744,5,0,30,0,6,0,6,0,6.0,0.0,DDoS
1286633,3,6,26,11607,20,5840,0,0,8.666666667,1934.5,DDoS
46807,5,0,30,0,6,0,6,0,6.0,0.0,DDoS
4772852,4,0,24,0,6,0,6,0,6.0,0.0,DDoS
1839939,3,5,26,11607,20,10135,0,0,8.666666667,2321.4,DDoS
7807645,1,5,6,30,6,6,6,6,6.0,6.0,BENIGN
72867,3,6,26,11601,20,5840,0,0,8.666666667,1933.5,DDoS
41171,3,5,26,11601,20,5840,0,0,8.666666667,2320.2,DDoS
5978873,5,0,30,0,6,0,6,0,6.0,0.0,DDoS
113969,1,1,47,109,47,109,47,109,47.0,109.0,BENIGN
5807017,3,1,12,0,6,0,0,0,4.0,0.0,BENIGN
9627364,4,0,24,0,6,0,6,0,6.0,0.0,DDoS
6609646,1,5,6,30,6,6,6,6,6.0,6.0,BENIGN
1627710,3,5,26,11607,20,7215,0,0,8.666666667,2321.4,DDoS
226690,1,1,6,6,6,6,6,6,6.0,6.0,BENIGN
10225450,1,6,1375,30,1375,6,1375,0,1375.0,5.0,BENIGN
8032922,1,5,6,30,6,6,6,6,6.0,6.0,BENIGN
98327091,8,6,56,11607,20,4380,0,0,7.0,1934.5,DDoS
35656,3,4,26,11601,20,8760,0,0,8.666666667,2900.25,DDoS
1654039,5,0,30,0,6,0,6,0,6.0,0.0,DDoS
192,2,2,102,158,51,79,51,79,51.0,79.0,BENIGN
66020882,2,2,96,96,48,48,48,48,48.0,48.0,BENIGN
4937469,5,1,135,46,46,46,6,46,27.0,46.0,BENIGN
5916907,5,0,30,0,6,0,6,0,6.0,0.0,DDoS
352169,3,4,26,11607,20,11595,0,0,8.666666667,2901.75,DDoS
687157,3,4,26,11601,20,5840,0,0,8.666666667,2900.25,DDoS
3823291,1,5,6,30,6,6,6,6,6.0,6.0,BENIGN
8003909,5,0,30,0,6,0,6,0,6.0,0.0,DDoS
809216,3,6,26,11607,20,4380,0,0,8.666666667,1934.5,DDoS
1499275,3,6,26,11607,20,5840,0,0,8.666666667,1934.5,DDoS
1202266,5,2,11601,26,7215,20,0,6,2320.2,13.0,BENIGN
78891673,15,15,1453,6364,345,2350,0,0,96.86666667,424.2666667,BENIGN
37446,3,4,26,11601,20,8760,0,0,8.666666667,2900.25,DDoS
289145,3,5,26,11601,20,7300,0,0,8.666666667,2320.2,DDoS
1866961,16,24,1380,4574,362,1430,0,0,86.25,190.5833333,BENIGN
115556918,20,19,921,5990,480,2342,0,0,46.05,315.2631579,BENIGN
4222890,5,0,30,0,6,0,6,0,6.0,0.0,DDoS
1052819,3,5,26,11607,20,7215,0,0,8.666666667,2321.4,DDoS
5836398,6,0,36,0,6,0,6,0,6.0,0.0,DDoS
8018709,1,5,1375,24,1375,6,1375,0,1375.0,4.8,BENIGN
943620,3,6,26,11607,20,5840,0,0,8.666666667,1934.5,DDoS
173,2,0,12,0,6,0,6,0,6.0,0.0,BENIGN
1714647,3,6,26,11601,20,2920,0,0,8.666666667,1933.5,DDoS
726485,3,6,26,11607,20,4380,0,0,8.666666667,1934.5,DDoS
5990964,1,6,1375,30,1375,6,1375,0,1375.0,5.0,BENIGN
110360764,16,16,1098,1810,574,654,0,0,68.625,113.125,BENIGN
17762,1,1,6,6,6,6,6,6,6.0,6.0,BENIGN
42096,3,6,26,11607,20,4380,0,0,8.666666667,1934.5,DDoS
67,1,1,6,6,6,6,6,6,6.0,6.0,BENIGN
8245694,8,5,56,11601,20,5840,0,0,7.0,2320.2,DDoS
11565754,5,0,30,0,6,0,6,0,6.0,0.0,DDoS
6437433,1,6,6,36,6,6,6,6,6.0,6.0,BENIGN
226,2,2,74,198,37,99,37,99,37.0,99.0,BENIGN
1668305,3,6,26,11607,20,5840,0,0,8.666666667,1934.5,DDoS
48,2,0,12,0,6,0,6,0,6.0,0.0,BENIGN
72799916,8,5,56,11607,20,7215,0,0,7.0,2321.4,DDoS
9810047,1,6,6,36,6,6,6,6,6.0,6.0,BENIGN
37177,3,5,26,11601,20,5840,0,0,8.666666667,2320.2,DDoS
49449,2,0,12,0,6,0,6,0,6.0,0.0,BENIGN
82418376,8,4,56,11607,20,11595,0,0,7.0,2901.75,DDoS
82539205,5,9,11607,62,7215,20,0,0,2321.4,6.888888889,BENIGN
32975,5,3,11601,26,5840,20,0,0,2320.2,8.666666667,BENIGN
99002404,8,5,56,11607,20,5840,0,0,7.0,2321.4,DDoS
1353272,3,5,26,11601,20,7300,0,0,8.666666667,2320.2,DDoS
273,2,2,80,112,40,56,40,56,40.0,56.0,BENIGN
1795690,5,0,30,0,6,0,6,0,6.0,0.0,DDoS
38574,3,6,26,11607,20,7215,0,0,8.666666667,1934.5,DDoS
73199983,7,10,11613,68,4380,20,0,0,1659.0,6.8,BENIGN
48511,5,2,11601,26,8675,20,0,6,2320.2,13.0,BENIGN
82753064,8,5,56,11607,20,5840,0,0,7.0,2321.4,DDoS
189,2,2,64,258,32,129,32,129,32.0,129.0,BENIGN
5963883,5,0,30,0,6,0,6,0,6.0,0.0,DDoS
9171465,7,6,50,11601,20,5840,0,0,7.142857143,1933.5,DDoS
5560199,4,0,24,0,6,0,6,0,6.0,0.0,DDoS
135,2,2,88,120,44,60,44,60,44.0,60.0,BENIGN
319,2,2,82,176,41,88,41,88,41.0,88.0,BENIGN
10064405,1,6,6,36,6,6,6,6,6.0,6.0,BENIGN
4167898,4,0,24,0,6,0,6,0,6.0,0.0,DDoS
12026700,1,5,6,30,6,6,6,6,6.0,6.0,BENIGN
90328877,8,6,56,11607,20,4380,0,0,7.0,1934.5,DDoS
5308121,8,8,369,5039,194,1460,0,0,46.125,629.875,BENIGN
108687,1,1,47,145,47,145,47,145,47.0,145.0,BENIGN
1498995,5,0,30,0,6,0,6,0,6.0,0.0,DDoS
64635,49,30,2488,3188,194,440,0,0,50.7755102,106.2666667,BENIGN
8681222,4,0,24,0,6,0,6,0,6.0,0.0,DDoS
83433077,8,6,56,11601,20,7300,0,0,7.0,1933.5,DDoS
1124351,3,5,26,11601,20,7300,0,0,8.666666667,2320.2,DDoS
53188,3,5,26,11601,20,5840,0,0,8.666666667,2320.2,DDoS
125846,30,53,1169,98601,570,4344,0,0,38.96666667,1860.396226,BENIGN
1805636,5,2,11601,26,8760,20,0,6,2320.2,13.0,BENIGN
32075,1,1,41,92,41,92,41,92,41.0,92.0,BENIGN
80863789,8,5,56,11607,20,7215,0,0,7.0,2321.4,DDoS
172,2,2,80,112,40,56,40,56,40.0,56.0,BENIGN
80181014,8,5,56,11607,20,10135,0,0,7.0,2321.4,DDoS
701674,3,5,26,11607,20,8760,0,0,8.666666667,2321.4,DDoS
5154896,6,0,36,0,6,0,6,0,6.0,0.0,DDoS
10119,3,0,43,0,31,0,6,0,14.33333333,0.0,BENIGN
185,2,2,60,124,30,62,30,62,30.0,62.0,BENIGN
6044998,4,0,24,0,6,0,6,0,6.0,0.0,DDoS
133195,11,9,585,5266,189,1460,0,0,53.18181818,585.1111111,BENIGN
627352,3,5,26,11607,20,7215,0,0,8.666666667,2321.4,DDoS
846355,2,5,20,11607,20,7300,0,0,10.0,2321.4,DDoS
48934,3,4,26,11601,20,10135,0,0,8.666666667,2900.25,DDoS
593634,3,5,26,11607,20,7215,0,0,8.666666667,2321.4,DDoS
913815,1,6,6,36,6,6,6,6,6.0,6.0,BENIGN
2063351,1,5,6,30,6,6,6,6,6.0,6.0,BENIGN
36,1,1,0,0,0,0,0,0,0.0,0.0,BENIGN
50056,4,2,164,152,41,76,41,76,41.0,76.0,BENIGN
92181736,8,6,56,11607,20,5840,0,0,7.0,1934.5,DDoS
6035322,4,0,24,0,6,0,6,0,6.0,0.0,DDoS
9074912,4,0,24,0,6,0,6,0,6.0,0.0,DDoS
8110026,1,5,6,30,6,6,6,6,6.0,6.0,BENIGN
1366121,3,4,26,11607,20,11595,0,0,8.666666667,2901.75,DDoS
1454711,4,0,24,0,6,0,6,0,6.0,0.0,DDoS
5737013,1,5,1375,24,1375,6,1375,0,1375.0,4.8,BENIGN
719,2,2,90,146,45,73,45,73,45.0,73.0,BENIGN
24947,1,1,46,62,46,62,46,62,46.0,62.0,BENIGN
266,2,2,66,98,33,49,33,49,33.0,49.0,BENIGN
62962,3,6,26,11601,20,5840,0,0,8.666666667,1933.5,DDoS
1373819,7,2,11607,26,4380,20,0,6,1658.142857,13.0,BENIGN
48126,1,1,41,57,41,57,41,57,41.0,57.0,BENIGN
10917960,1,6,6,36,6,6,6,6,6.0,6.0,BENIGN
3124959,4,0,24,0,6,0,6,0,6.0,0.0,DDoS
2060984,4,0,24,0,6,0,6,0,6.0,0.0,DDoS
23478,1,1,95,177,95,177,95,177,95.0,177.0,BENIGN
198,2,2,72,104,36,52,36,52,36.0,52.0,BENIGN
7901814,4,0,24,0,6,0,6,0,6.0,0.0,DDoS
148144,3,5,26,11607,20,7215,0,0,8.666666667,2321.4,DDoS
47595,3,4,26,11607,20,11595,0,0,8.666666667,2901.75,DDoS
2390173,4,0,24,0,6,0,6,0,6.0,0.0,DDoS
6194817,4,0,24,0,6,0,6,0,6.0,0.0,DDoS
4041124,4,0,24,0,6,0,6,0,6.0,0.0,DDoS
9832432,4,0,24,0,6,0,6,0,6.0,0.0,DDoS
23645,1,1,41,69,41,69,41,69,41.0,69.0,BENIGN
1833733,3,5,26,11607,20,8760,0,0,8.666666667,2321.4,DDoS
54556719,2,2,104,275,56,144,48,131,52.0,137.5,BENIGN
326,2,2,74,590,37,295,37,295,37.0,295.0,BENIGN
740528,1,5,6,30,6,6,6,6,6.0,6.0,BENIGN
87319,3,5,26,11607,20,10135,0,0,8.666666667,2321.4,DDoS
78450764,7,9,11613,62,5840,20,0,0,1659.0,6.888888889,BENIGN
81790572,8,5,56,11601,20,7300,0,0,7.0,2320.2,DDoS
1542542,3,4,26,11607,20,11595,0,0,8.666666667,2901.75,DDoS
9648753,4,0,24,0,6,0,6,0,6.0,0.0,DDoS
80909,3,6,26,11607,20,5840,0,0,8.666666667,1934.5,DDoS
74929582,8,6,56,11601,20,5840,0,0,7.0,1933.5,DDoS
1311290,3,5,26,11607,20,10135,0,0,8.666666667,2321.4,DDoS
138241,1,1,47,63,47,63,47,63,47.0,63.0,BENIGN
5496284,1,5,6,30,6,6,6,6,6.0,6.0,BENIGN
59854,4,2,180,224,45,112,45,112,45.0,112.0,BENIGN
9651098,1,5,6,30,6,6,6,6,6.0,6.0,BENIGN
8537762,4,5,634,624,628,306,0,0,158.5,124.8,BENIGN
2187430,4,0,24,0,6,0,6,0,6.0,0.0,DDoS
10047780,4,0,24,0,6,0,6,0,6.0,0.0,DDoS
7169119,4,0,24,0,6,0,6,0,6.0,0.0,DDoS
697545,3,4,26,11601,20,5840,0,0,8.666666667,2900.25,DDoS
7647312,4,0,24,0,6,0,6,0,6.0,0.0,DDoS
95187,1,1,0,0,0,0,0,0,0.0,0.0,BENIGN
1868566,3,6,26,11601,20,5840,0,0,8.666666667,1933.5,DDoS
263241,2,1,44,6,38,6,6,6,22.0,6.0,BENIGN
426800,1,6,6,36,6,6,6,6,6.0,6.0,BENIGN
11538841,5,0,30,0,6,0,6,0,6.0,0.0,DDoS
8928889,4,0,24,0,6,0,6,0,6.0,0.0,DDoS
6125853,4,0,24,0,6,0,6,0,6.0,0.0,DDoS
266,4,0,71,0,53,0,6,0,17.75,0.0,BENIGN
16547439,13,8,2407,3676,501,805,0,0,185.1538462,459.5,BENIGN
1019483,3,6,26,11607,20,5840,0,0,8.666666667,1934.5,DDoS
868104,3,6,26,11607,20,5840,0,0,8.666666667,1934.5,DDoS
1733519,3,6,26,11607,20,4380,0,0,8.666666667,1934.5,DDoS
1333081,4,0,24,0,6,0,6,0,6.0,0.0,DDoS
71426261,8,5,56,11607,20,7300,0,0,7.0,2321.4,DDoS
85864643,5,10,11613,68,11595,20,0,0,2322.6,6.8,BENIGN
5545720,4,0,24,0,6,0,6,0,6.0,0.0,DDoS
98258683,8,5,56,11607,20,10135,0,0,7.0,2321.4,DDoS
9255800,5,0,30,0,6,0,6,0,6.0,0.0,DDoS
22719386,5,0,30,0,6,0,6,0,6.0,0.0,DDoS
89176,3,6,26,11607,20,7300,0,0,8.666666667,1934.5,DDoS
204623,3,6,26,11601,20,5840,0,0,8.666666667,1933.5,DDoS
392,2,2,94,350,47,175,47,175,47.0,175.0,BENIGN
842029,5,0,30,0,6,0,6,0,6.0,0.0,DDoS
7481201,7,9,11613,62,5840,20,0,0,1659.0,6.888888889,BENIGN
5243902,4,0,24,0,6,0,6,0,6.0,0.0,DDoS
81572086,16,16,1919,3996,1269,1460,0,0,119.9375,249.75,BENIGN
93015,2,2,90,384,45,192,45,192,45.0,192.0,BENIGN
498,3,0,0,0,0,0,0,0,0.0,0.0,BENIGN
940863,3,5,26,11607,20,10135,0,0,8.666666667,2321.4,DDoS
52023,5,0,30,0,6,0,6,0,6.0,0.0,DDoS
82493494,8,6,56,11607,20,4380,0,0,7.0,1934.5,DDoS
95910866,8,5,56,11601,20,5755,0,0,7.0,2320.2,DDoS
208,2,2,70,102,35,51,35,51,35.0,51.0,BENIGN
837287,1,7,6,42,6,6,6,6,6.0,6.0,BENIGN
933142,3,6,26,11607,20,5840,0,0,8.666666667,1934.5,DDoS
77324960,2,2,126,250,77,159,49,91,63.0,125.0,BENIGN
4085900,5,0,30,0,6,0,6,0,6.0,0.0,DDoS
1735202,3,4,26,11607,20,11595,0,0,8.666666667,2901.75,DDoS
215,2,2,94,350,47,175,47,175,47.0,175.0,BENIGN
3091898,5,0,30,0,6,0,6,0,6.0,0.0,DDoS
174544,3,5,26,11607,20,10220,0,0,8.666666667,2321.4,DDoS
76659166,8,6,56,11601,20,4380,0,0,7.0,1933.5,DDoS
3833689,4,0,24,0,6,0,6,0,6.0,0.0,DDoS
1315696,3,5,26,11607,20,8760,0,0,8.666666667,2321.4,DDoS
417421,3,4,571,948,571,948,0,0,190.3333333,237.0,BENIGN
1004562,3,4,26,11601,20,5840,0,0,8.666666667,2900.25,DDoS
21381147,4,0,24,0,6,0,6,0,6.0,0.0,DDoS
31615,1,1,44,60,44,60,44,60,44.0,60.0,BENIGN
65232618,11,11,381,308,381,308,0,0,34.63636364,28.0,BENIGN
417041,3,4,690,421,690,421,0,0,230.0,105.25,BENIGN
9708,2,0,12,0,6,0,6,0,6.0,0.0,BENIGN
37,1,1,0,0,0,0,0,0,0.0,0.0,BENIGN
4264629,5,1,135,46,46,46,6,46,27.0,46.0,BENIGN
93073328,8,4,56,11601,20,8760,0,0,7.0,2900.25,DDoS
593076,3,4,26,11607,20,11595,0,0,8.666666667,2901.75,DDoS
191917,30,25,176,440,43,52,0,0,5.866666667,17.6,BENIGN
1315533,41,42,2728,6634,456,976,0,0,66.53658537,157.952381,BENIGN
1505329,3,5,26,11607,20,7300,0,0,8.666666667,2321.4,DDoS
4008947,4,0,24,0,6,0,6,0,6.0,0.0,DDoS
456647,5,7,908,1750,517,1549,0,0,181.6,250.0,BENIGN
10835750,4,0,24,0,6,0,6,0,6.0,0.0,DDoS
937862,3,5,26,11607,20,10135,0,0,8.666666667,2321.4,DDoS
9671751,4,0,24,0,6,0,6,0,6.0,0.0,DDoS
9942692,5,0,30,0,6,0,6,0,6.0,0.0,DDoS
132156,1,1,56,199,56,199,56,199,56.0,199.0,BENIGN
671973,3,5,26,11607,20,8760,0,0,8.666666667,2321.4,DDoS
1014224,3,3,0,18,0,6,0,6,0.0,6.0,BENIGN
80378854,8,6,56,11601,20,7300,0,0,7.0,1933.5,DDoS
748321,3,6,26,11607,20,5840,0,0,8.666666667,1934.5,DDoS
25433,2,2,80,162,40,81,40,81,40.0,81.0,BENIGN
98172338,6,8,11613,56,7215,20,0,0,1935.5,7.0,BENIGN
2050896,1,5,6,30,6,6,6,6,6.0,6.0,BENIGN
131,2,0,12,0,6,0,6,0,6.0,0.0,BENIGN
96760033,8,6,56,11601,20,5840,0,0,7.0,1933.5,DDoS
52145,4,2,124,218,31,109,31,109,31.0,109.0,BENIGN
1776105,3,6,26,11607,20,4380,0,0,8.666666667,1934.5,DDoS
174,2,2,64,96,32,48,32,48,32.0,48.0,BENIGN
115140321,21,20,591,15090,477,4290,0,0,28.14285714,754.5,BENIGN
9029679,7,7,50,11601,20,4380,0,0,7.142857143,1657.285714,DDoS
115182407,16,15,513,1598,435,796,0,0,32.0625,106.5333333,BENIGN
8095815,4,0,24,0,6,0,6,0,6.0,0.0,DDoS
72917951,8,7,56,11607,20,5840,0,0,7.0,1658.142857,DDoS
4289666,1,6,6,36,6,6,6,6,6.0,6.0,BENIGN
308647,3,6,26,11607,20,5840,0,0,8.666666667,1934.5,DDoS
1893765,3,5,26,11607,20,7300,0,0,8.666666667,2321.4,DDoS
10387747,5,0,30,0,6,0,6,0,6.0,0.0,DDoS
6058860,5,0,30,0,6,0,6,0,6.0,0.0,DDoS
559220,3,6,26,11601,20,7300,0,0,8.666666667,1933.5,DDoS
1102087,5,0,30,0,6,0,6,0,6.0,0.0,DDoS
10265574,5,0,30,0,6,0,6,0,6.0,0.0,DDoS
19704,2,6,20,11601,20,4380,0,0,10.0,1933.5,DDoS
53,1,1,6,6,6,6,6,6,6.0,6.0,BENIGN
48,2,0,12,0,6,0,6,0,6.0,0.0,BENIGN
11293870,4,0,24,0,6,0,6,0,6.0,0.0,DDoS
599618,5,2,11601,26,8760,20,0,6,2320.2,13.0,BENIGN
8031831,5,0,30,0,6,0,6,0,6.0,0.0,DDoS
1271198,4,0,24,0,6,0,6,0,6.0,0.0,DDoS
11991661,4,0,24,0,6,0,6,0,6.0,0.0,DDoS
5837442,1,6,6,36,6,6,6,6,6.0,6.0,BENIGN
1804434,3,6,26,11601,20,5840,0,0,8.666666667,1933.5,DDoS
17737,3,0,65,0,53,0,6,0,21.66666667,0.0,BENIGN
72863378,8,6,56,11601,20,5840,0,0,7.0,1933.5,DDoS
78352851,5,9,11613,62,11595,20,0,0,2322.6,6.888888889,BENIGN
473872,3,5,26,11607,20,8675,0,0,8.666666667,2321.4,DDoS
9955750,4,0,24,0,6,0,6,0,6.0,0.0,DDoS
93684465,8,5,56,11607,20,10135,0,0,7.0,2321.4,DDoS
96900952,7,10,11607,68,4380,20,0,0,1658.142857,6.8,BENIGN
1812126,3,5,26,11607,20,10135,0,0,8.666666667,2321.4,DDoS
111,1,1,0,0,0,0,0,0,0.0,0.0,BENIGN
27442,15,8,18467,36,2920,6,0,0,1231.133333,4.5,BENIGN
2082950,5,0,30,0,6,0,6,0,6.0,0.0,DDoS
9218727,5,0,30,0,6,0,6,0,6.0,0.0,DDoS
238680,10,7,558,4115,201,1430,0,0,55.8,587.8571429,BENIGN
524395,3,5,26,11607,20,10220,0,0,8.666666667,2321.4,DDoS
29577,2,0,12,0,6,0,6,0,6.0,0.0,BENIGN
50490818,8,8,628,961,586,722,6,0,78.5,120.125,BENIGN
819050,3,5,26,11601,20,5840,0,0,8.666666667,2320.2,DDoS
857540,3,5,26,11607,20,7215,0,0,8.666666667,2321.4,DDoS
1107970,4,0,24,0,6,0,6,0,6.0,0.0,DDoS
93,1,1,6,6,6,6,6,6,6.0,6.0,BENIGN
1763991,5,0,30,0,6,0,6,0,6.0,0.0,DDoS
1658184,3,5,26,11607,20,10135,0,0,8.666666667,2321.4,DDoS
386866,3,6,26,11607,20,5840,0,0,8.666666667,1934.5,DDoS
9462,3,4,26,11601,20,8760,0,0,8.666666667,2900.25,DDoS
384,2,2,72,146,36,73,36,73,36.0,73.0,BENIGN
1227025,5,0,30,0,6,0,6,0,6.0,0.0,DDoS
77,2,0,12,0,6,0,6,0,6.0,0.0,BENIGN
161,2,2,72,136,36,68,36,68,36.0,68.0,BENIGN
73183448,8,6,56,11607,20,5840,0,0,7.0,1934.5,DDoS
100106231,8,4,56,11607,20,11595,0,0,7.0,2901.75,DDoS
7386149,1,6,6,36,6,6,6,6,6.0,6.0,BENIGN
5909386,3,1,12,0,6,0,0,0,4.0,0.0,BENIGN
8028808,4,0,24,0,6,0,6,0,6.0,0.0,DDoS
39009,6,3,11601,26,5840,20,0,0,1933.5,8.666666667,BENIGN
117442774,7,8,297,876,141,590,6,6,42.42857143,109.5,BENIGN
527974,3,5,26,11607,20,10135,0,0,8.666666667,2321.4,DDoS
1059001,3,4,26,11607,20,11595,0,0,8.666666667,2901.75,DDoS
551354,3,5,26,11601,20,7300,0,0,8.666666667,2320.2,DDoS
16078580,10,9,2346,1005,579,246,0,0,234.6,111.6666667,BENIGN
47856,2,2,78,266,39,133,39,133,39.0,133.0,BENIGN
23686,2,2,62,126,31,63,31,63,31.0,63.0,BENIGN
118414519,126,213,2418,305025,618,2920,0,0,19.19047619,1432.042254,BENIGN
48,2,0,12,0,6,0,6,0,6.0,0.0,BENIGN
5805096,1,6,6,36,6,6,6,6,6.0,6.0,BENIGN
5349743,9,5,354,4416,197,1448,0,0,39.33333333,883.2,BENIGN
5280292,6,4,611,164,517,152,0,0,101.8333333,41.0,BENIGN
644571,3,5,26,11601,20,4380,0,0,8.666666667,2320.2,DDoS
6621979,1,6,1375,30,1375,6,1375,0,1375.0,5.0,BENIGN
94695970,5,9,11607,62,8760,20,0,0,2321.4,6.888888889,BENIGN
91427986,9,5,62,11607,20,7215,0,0,6.888888889,2321.4,DDoS
46146784,30,52,1439,64101,497,1460,0,0,47.96666667,1232.711538,BENIGN
265,3,0,31,0,31,0,0,0,10.33333333,0.0,BENIGN
59774,3,5,26,11607,20,5840,0,0,8.666666667,2321.4,DDoS
450284,3,4,26,11601,20,8760,0,0,8.666666667,2900.25,DDoS
3181899,5,0,30,0,6,0,6,0,6.0,0.0,DDoS
8510785,5,0,30,0,6,0,6,0,6.0,0.0,DDoS
9801496,1,6,6,36,6,6,6,6,6.0,6.0,BENIGN
543765,2,2,66,326,33,163,33,163,33.0,163.0,BENIGN
48452,2,2,70,188,35,94,35,94,35.0,94.0,BENIGN
5219897,5,0,30,0,6,0,6,0,6.0,0.0,DDoS
1054623,3,6,26,11607,20,5840,0,0,8.666666667,1934.5,DDoS
53461,1,1,51,174,51,174,51,174,51.0,174.0,BENIGN
1943972,5,0,30,0,6,0,6,0,6.0,0.0,DDoS
1099550,3,5,26,11601,20,8760,0,0,8.666666667,2320.2,DDoS
540832,3,5,26,11607,20,7215,0,0,8.666666667,2321.4,DDoS
21318,3,5,26,11607,20,8760,0,0,8.666666667,2321.4,DDoS
23339,1,1,46,62,46,62,46,62,46.0,62.0,BENIGN
67,1,1,0,0,0,0,0,0,0.0,0.0,BENIGN
96775951,8,4,56,11601,20,8760,0,0,7.0,2900.25,DDoS
7791794,4,0,24,0,6,0,6,0,6.0,0.0,DDoS
451169,3,6,26,11607,20,5840,0,0,8.666666667,1934.5,DDoS
148221,2,1,12,6,6,6,6,6,6.0,6.0,BENIGN
84882996,8,5,56,11607,20,7215,0,0,7.0,2321.4,DDoS
772802,4,0,24,0,6,0,6,0,6.0,0.0,DDoS
6042858,4,0,24,0,6,0,6,0,6.0,0.0,DDoS
366226,12,7,556,4054,190,1448,0,0,46.33333333,579.1428571,BENIGN
744950,7,2,11607,26,4380,20,0,6,1658.142857,13.0,BENIGN
103412,3,5,26,11607,20,10135,0,0,8.666666667,2321.4,DDoS
39598,3,6,26,11601,20,5840,0,0,8.666666667,1933.5,DDoS
264911,3,5,26,11607,20,10135,0,0,8.666666667,2321.4,DDoS
228924,4,0,24,0,6,0,6,0,6.0,0.0,DDoS
4952784,1,5,6,30,6,6,6,6,6.0,6.0,BENIGN
1168715,1,5,6,30,6,6,6,6,6.0,6.0,BENIGN
39491,3,5,26,11607,20,5840,0,0,8.666666667,2321.4,DDoS
6001041,1,6,6,36,6,6,6,6,6.0,6.0,BENIGN
9523766,5,0,30,0,6,0,6,0,6.0,0.0,DDoS
2156971,5,0,30,0,6,0,6,0,6.0,0.0,DDoS
7620199,4,0,24,0,6,0,6,0,6.0,0.0,DDoS
22781033,2,0,12,0,6,0,6,0,6.0,0.0,BENIGN
2092144,5,0,30,0,6,0,6,0,6.0,0.0,DDoS
2020796,1,6,6,36,6,6,6,6,6.0,6.0,BENIGN
27028,3,5,26,11601,20,5840,0,0,8.666666667,2320.2,DDoS
6659856,4,0,24,0,6,0,6,0,6.0,0.0,DDoS
92342219,8,6,56,11607,20,5840,0,0,7.0,1934.5,DDoS
82420953,6,9,11607,62,5840,20,0,0,1934.5,6.888888889,BENIGN
1879890,3,6,26,11607,20,4380,0,0,8.666666667,1934.5,DDoS
11948484,4,0,24,0,6,0,6,0,6.0,0.0,DDoS
71274061,8,5,56,11607,20,5840,0,0,7.0,2321.4,DDoS
620033,7,2,11601,26,5840,20,0,6,1657.285714,13.0,BENIGN
100453,2,2,70,174,35,87,35,87,35.0,87.0,BENIGN
5353839,5,0,30,0,6,0,6,0,6.0,0.0,DDoS
2593282,4,0,24,0,6,0,6,0,6.0,0.0,DDoS
21018,4,0,24,0,6,0,6,0,6.0,0.0,DDoS
1393302,3,5,26,11601,20,4380,0,0,8.666666667,2320.2,DDoS
4084869,5,0,30,0,6,0,6,0,6.0,0.0,DDoS
1112980,4,0,24,0,6,0,6,0,6.0,0.0,DDoS
224689,1,1,54,267,54,267,54,267,54.0,267.0,BENIGN
242,2,0,12,0,6,0,6,0,6.0,0.0,BENIGN
80293515,8,5,56,11607,20,7215,0,0,7.0,2321.4,DDoS
11257715,5,0,30,0,6,0,6,0,6.0,0.0,DDoS
8586641,4,0,24,0,6,0,6,0,6.0,0.0,DDoS
8225806,4,0,24,0,6,0,6,0,6.0,0.0,DDoS
82214587,7,9,11613,62,5840,20,0,0,1659.0,6.888888889,BENIGN
120340,1,1,42,164,42,164,42,164,42.0,164.0,BENIGN
52,1,1,6,6,6,6,6,6,6.0,6.0,BENIGN
873162,3,6,26,11601,20,4380,0,0,8.666666667,1933.5,DDoS
63889605,31,41,4828,8525,679,2860,0,0,155.7419355,207.9268293,BENIGN
1688487,3,6,26,11607,20,5840,0,0,8.666666667,1934.5,DDoS
228667,3,6,26,11601,20,4380,0,0,8.666666667,1933.5,DDoS
9819086,7,4,50,11607,20,11595,0,0,7.142857143,2901.75,DDoS
6117851,5,0,30,0,6,0,6,0,6.0,0.0,DDoS
88211579,7,9,11613,62,4380,20,0,0,1659.0,6.888888889,BENIGN
1498837,3,5,26,11601,20,5840,0,0,8.666666667,2320.2,DDoS
23849,1,1,80,304,80,304,80,304,80.0,304.0,BENIGN
81238619,8,4,56,11601,20,8760,0,0,7.0,2900.25,DDoS
272,2,2,72,104,36,52,36,52,36.0,52.0,BENIGN
654266,3,5,26,11607,20,7215,0,0,8.666666667,2321.4,DDoS
516001,3,6,26,11601,20,4380,0,0,8.666666667,1933.5,DDoS
7345973,1,6,6,36,6,6,6,6,6.0,6.0,BENIGN
5215203,7,4,635,168,517,168,0,0,90.71428571,42.0,BENIGN
90954380,8,5,56,11607,20,10220,0,0,7.0,2321.4,DDoS
516537,3,5,26,11607,20,10135,0,0,8.666666667,2321.4,DDoS
242723,3,6,26,11601,20,4380,0,0,8.666666667,1933.5,DDoS
5571134,8,6,390,3716,209,1460,0,0,48.75,619.3333333,BENIGN
270365,3,6,26,11607,20,4380,0,0,8.666666667,1934.5,DDoS
7489008,1,6,6,36,6,6,6,6,6.0,6.0,BENIGN
24339,2,2,48,112,24,56,24,56,24.0,56.0,BENIGN
832722,3,6,26,11607,20,5840,0,0,8.666666667,1934.5,DDoS
48738,2,2,84,318,42,159,42,159,42.0,159.0,BENIGN
416968,3,4,705,421,705,421,0,0,235.0,105.25,BENIGN
97887207,8,5,56,11601,20,5840,0,0,7.0,2320.2,DDoS
6297871,1,5,6,30,6,6,6,6,6.0,6.0,BENIGN
1256555,3,6,26,11601,20,4380,0,0,8.666666667,1933.5,DDoS
121627,2,2,84,142,42,71,42,71,42.0,71.0,BENIGN
4649741,6,6,204,570,34,95,34,95,34.0,95.0,BENIGN
238057,5,0,30,0,6,0,6,0,6.0,0.0,DDoS
2645967,5,0,30,0,6,0,6,0,6.0,0.0,DDoS
10018744,4,0,24,0,6,0,6,0,6.0,0.0,DDoS
188,2,0,12,0,6,0,6,0,6.0,0.0,BENIGN
967966,3,6,26,11607,20,4380,0,0,8.666666667,1934.5,DDoS
1521170,3,5,26,11607,20,8760,0,0,8.666666667,2321.4,DDoS
89043,4,0,24,0,6,0,6,0,6.0,0.0,DDoS
5449337,3,1,0,0,0,0,0,0,0.0,0.0,BENIGN
591723,3,4,26,11607,20,11595,0,0,8.666666667,2901.75,DDoS
1311449,3,5,26,11607,20,7215,0,0,8.666666667,2321.4,DDoS
80653138,6,9,11613,62,10135,20,0,0,1935.5,6.888888889,BENIGN
185,2,2,66,98,33,49,33,49,33.0,49.0,BENIGN
8869774,5,0,30,0,6,0,6,0,6.0,0.0,DDoS
48642,1,1,42,106,42,106,42,106,42.0,106.0,BENIGN
1369203,8,11,2302,7600,1955,1607,0,0,287.75,690.9090909,BENIGN
9347324,8,5,56,11607,20,10135,0,0,7.0,2321.4,DDoS
4593293,1,6,6,36,6,6,6,6,6.0,6.0,BENIGN
88434815,9,6,62,11607,20,5755,0,0,6.888888889,1934.5,DDoS
66663,2,2,78,258,39,129,39,129,39.0,129.0,BENIGN
71809089,8,4,56,11607,20,11595,0,0,7.0,2901.75,DDoS
6596719,5,0,30,0,6,0,6,0,6.0,0.0,DDoS
4188373,5,1,123,46,46,46,0,46,24.6,46.0,BENIGN
5976840,5,0,30,0,6,0,6,0,6.0,0.0,DDoS
920559,3,5,26,11607,20,10135,0,0,8.666666667,2321.4,DDoS
1262999,5,0,30,0,6,0,6,0,6.0,0.0,DDoS
582062,3,6,26,11601,20,5840,0,0,8.666666667,1933.5,DDoS
5137899,4,0,24,0,6,0,6,0,6.0,0.0,DDoS
71046,4,2,148,170,37,85,37,85,37.0,85.0,BENIGN
1856091,3,5,26,11607,20,7215,0,0,8.666666667,2321.4,DDoS
3986696,6,6,216,582,36,97,36,97,36.0,97.0,BENIGN
205175,6,2,11607,26,5840,20,0,6,1934.5,13.0,BENIGN
74958663,6,9,11613,62,10220,20,0,0,1935.5,6.888888889,BENIGN
188,2,2,86,118,43,59,43,59,43.0,59.0,BENIGN
447465,3,6,26,11607,20,5840,0,0,8.666666667,1934.5,DDoS
61030276,9,9,1133,275,1133,275,0,0,125.8888889,30.55555556,BENIGN
37397,3,5,26,11601,20,5840,0,0,8.666666667,2320.2,DDoS
722563,3,4,26,11601,20,8675,0,0,8.666666667,2900.25,DDoS
82415448,5,10,11613,68,11595,20,0,0,2322.6,6.8,BENIGN
1880740,3,5,26,11607,20,7215,0,0,8.666666667,2321.4,DDoS
6006839,5,0,30,0,6,0,6,0,6.0,0.0,DDoS
80567563,8,4,56,11601,20,8760,0,0,7.0,2900.25,DDoS
153909,4,2,124,404,31,202,31,202,31.0,202.0,BENIGN
5531898,8,6,612,2754,342,1400,0,0,76.5,459.0,BENIGN
12108683,5,0,30,0,6,0,6,0,6.0,0.0,DDoS
5207374,4,0,24,0,6,0,6,0,6.0,0.0,DDoS
21581438,1,5,6,30,6,6,6,6,6.0,6.0,BENIGN
49651,3,6,26,11601,20,4380,0,0,8.666666667,1933.5,DDoS
10109696,1,6,1375,30,1375,6,1375,0,1375.0,5.0,BENIGN
1,2,0,12,0,6,0,6,0,6.0,0.0,BENIGN
47403,3,4,441,678,435,666,0,0,147.0,169.5,BENIGN
747318,3,4,26,11601,20,7215,0,0,8.666666667,2900.25,DDoS
23468,1,1,51,67,51,67,51,67,51.0,67.0,BENIGN
1874976,3,5,26,11607,20,10135,0,0,8.666666667,2321.4,DDoS
81762,6,7,1302,3375,933,1460,0,0,217.0,482.1428571,BENIGN
10129724,4,0,24,0,6,0,6,0,6.0,0.0,DDoS
5749831,5,0,30,0,6,0,6,0,6.0,0.0,DDoS
60748,2,2,62,136,31,68,31,68,31.0,68.0,BENIGN
224,2,2,68,166,34,83,34,83,34.0,83.0,BENIGN
7219809,5,0,30,0,6,0,6,0,6.0,0.0,DDoS
91723462,8,6,56,11601,20,4380,0,0,7.0,1933.5,DDoS
232971,3,5,26,11607,20,7300,0,0,8.666666667,2321.4,DDoS
8033509,1,5,6,30,6,6,6,6,6.0,6.0,BENIGN
184,2,2,46,46,23,23,23,23,23.0,23.0,BENIGN
676519,3,5,26,11607,20,5840,0,0,8.666666667,2321.4,DDoS
79095523,9,6,62,11601,20,4380,0,0,6.888888889,1933.5,DDoS
82332094,8,5,56,11607,20,8760,0,0,7.0,2321.4,DDoS
16052231,10,9,2512,856,642,209,0,0,251.2,95.11111111,BENIGN
90310362,8,6,56,11601,20,4380,0,0,7.0,1933.5,DDoS
2217000,5,0,30,0,6,0,6,0,6.0,0.0,DDoS
46814,3,5,26,11601,20,7300,0,0,8.666666667,2320.2,DDoS
60551,1,1,44,136,44,136,44,136,44.0,136.0,BENIGN
81108071,8,6,56,11601,20,5840,0,0,7.0,1933.5,DDoS
117452202,15,14,938,4727,282,1410,0,0,62.53333333,337.6428571,BENIGN
1876828,3,5,26,11607,20,7215,0,0,8.666666667,2321.4,DDoS
543241,3,4,26,11607,20,11595,0,0,8.666666667,2901.75,DDoS
180,2,2,46,46,23,23,23,23,23.0,23.0,BENIGN
51,1,1,6,6,6,6,6,6,6.0,6.0,BENIGN
670348,3,4,26,11607,20,11595,0,0,8.666666667,2901.75,DDoS
252901,2,0,12,0,6,0,6,0,6.0,0.0,BENIGN
52870,2,2,82,138,41,69,41,69,41.0,69.0,BENIGN
120348,3,5,26,11601,20,7300,0,0,8.666666667,2320.2,DDoS
60711,3,4,26,11601,20,8760,0,0,8.666666667,2900.25,DDoS
546822,3,5,26,11601,20,7300,0,0,8.666666667,2320.2,DDoS
8128936,4,0,24,0,6,0,6,0,6.0,0.0,DDoS
9185143,1,6,1375,30,1375,6,1375,0,1375.0,5.0,BENIGN
13537825,6,6,1111,1793,570,933,0,0,185.1666667,298.8333333,BENIGN
5675886,4,0,24,0,6,0,6,0,6.0,0.0,DDoS
23273,3,4,26,11601,20,8760,0,0,8.666666667,2900.25,DDoS
792034,3,4,26,11601,20,8760,0,0,8.666666667,2900.25,DDoS
54105,3,6,26,11607,20,5840,0,0,8.666666667,1934.5,DDoS
196,2,2,66,164,33,82,33,82,33.0,82.0,BENIGN
6472426,4,0,24,0,6,0,6,0,6.0,0.0,DDoS
10981760,5,0,30,0,6,0,6,0,6.0,0.0,DDoS
650041,3,6,26,11601,20,4380,0,0,8.666666667,1933.5,DDoS
696112,7,2,11601,26,4380,20,0,6,1657.285714,13.0,BENIGN
82425505,9,5,62,11601,20,4380,0,0,6.888888889,2320.2,DDoS
1053970,3,6,26,11601,20,5840,0,0,8.666666667,1933.5,DDoS
80659324,6,10,11613,68,10135,20,0,0,1935.5,6.8,BENIGN
251,2,2,94,220,47,110,47,110,47.0,110.0,BENIGN
2810939,4,0,24,0,6,0,6,0,6.0,0.0,DDoS
920616,3,5,26,11607,20,10135,0,0,8.666666667,2321.4,DDoS
298,2,2,64,200,32,100,32,100,32.0,100.0,BENIGN
1869095,3,5,26,11601,20,5840,0,0,8.666666667,2320.2,DDoS
191,2,2,74,154,37,77,37,77,37.0,77.0,BENIGN
668996,3,5,26,11607,20,5840,0,0,8.666666667,2321.4,DDoS
133732,13,8,1303,4132,676,3488,0,0,100.2307692,516.5,BENIGN
441794,3,4,26,11601,20,8760,0,0,8.666666667,2900.25,DDoS
1687952,3,5,26,11601,20,4380,0,0,8.666666667,2320.2,DDoS
85,1,1,6,6,6,6,6,6,6.0,6.0,BENIGN
3707973,5,0,30,0,6,0,6,0,6.0,0.0,DDoS
1724096,3,5,26,11607,20,10135,0,0,8.666666667,2321.4,DDoS
9357571,8,6,56,11601,20,4380,0,0,7.0,1933.5,DDoS
54,1,1,6,6,6,6,6,6,6.0,6.0,BENIGN
629360,2,5,20,11607,20,10135,0,0,10.0,2321.4,DDoS
6883861,4,0,24,0,6,0,6,0,6.0,0.0,DDoS
48,2,0,124,0,62,0,62,0,62.0,0.0,BENIGN
51209,4,2,168,192,42,96,42,96,42.0,96.0,BENIGN
5863399,4,0,24,0,6,0,6,0,6.0,0.0,DDoS
1510680,3,5,26,11607,20,5840,0,0,8.666666667,2321.4,DDoS
6091893,5,0,30,0,6,0,6,0,6.0,0.0,DDoS
7147379,5,0,30,0,6,0,6,0,6.0,0.0,DDoS
434382,11,13,1328,12672,607,1814,0,0,120.7272727,974.7692308,BENIGN
74326845,8,10,11607,68,5840,20,0,0,1450.875,6.8,BENIGN
193153,3,6,26,11601,20,4380,0,0,8.666666667,1933.5,DDoS
119981360,27,35,2002,7433,440,1430,0,0,74.14814815,212.3714286,BENIGN
48954,2,2,82,832,41,416,41,416,41.0,416.0,BENIGN
9243439,1,5,6,30,6,6,6,6,6.0,6.0,BENIGN
383311,4,3,11601,26,10135,20,0,0,2900.25,8.666666667,BENIGN
48157,1,1,44,60,44,60,44,60,44.0,60.0,BENIGN
46179,3,5,26,11607,20,7215,0,0,8.666666667,2321.4,DDoS
110777,4,4,184,428,46,107,46,107,46.0,107.0,BENIGN
89900014,5,9,12976,56,8760,20,0,0,2595.2,6.222222222,BENIGN
1715957,3,6,26,11601,20,4380,0,0,8.666666667,1933.5,DDoS
519206,3,6,26,11607,20,4380,0,0,8.666666667,1934.5,DDoS
4992897,4,0,24,0,6,0,6,0,6.0,0.0,DDoS
15077,3,7,26,11601,20,2920,0,0,8.666666667,1657.285714,DDoS
192,2,2,64,258,32,129,32,129,32.0,129.0,BENIGN
149894,3,5,26,11607,20,8675,0,0,8.666666667,2321.4,DDoS
52570,2,5,20,11607,20,10135,0,0,10.0,2321.4,DDoS
1549097,3,6,26,11607,20,5840,0,0,8.666666667,1934.5,DDoS
80354142,7,9,12976,56,4380,20,0,0,1853.714286,6.222222222,BENIGN
834513,1,7,6,42,6,6,6,6,6.0,6.0,BENIGN
1065018,5,0,30,0,6,0,6,0,6.0,0.0,DDoS
8470832,4,0,24,0,6,0,6,0,6.0,0.0,DDoS
93957036,9,4,62,11601,20,7215,0,0,6.888888889,2900.25,DDoS
199993,3,5,26,11607,20,10135,0,0,8.666666667,2321.4,DDoS
3371939,5,0,30,0,6,0,6,0,6.0,0.0,DDoS
348137,3,4,26,11607,20,11595,0,0,8.666666667,2901.75,DDoS
704040,5,0,30,0,6,0,6,0,6.0,0.0,DDoS
77,2,0,12,0,6,0,6,0,6.0,0.0,BENIGN
3938812,5,0,30,0,6,0,6,0,6.0,0.0,DDoS
169242,3,4,26,11601,20,8760,0,0,8.666666667,2900.25,DDoS
8045607,1,5,6,30,6,6,6,6,6.0,6.0,BENIGN
75109291,11,10,492,427,438,379,0,0,44.72727273,42.7,BENIGN
185,2,2,66,98,33,49,33,49,33.0,49.0,BENIGN
1951994,4,0,24,0,6,0,6,0,6.0,0.0,DDoS
359,2,2,48,160,24,80,24,80,24.0,80.0,BENIGN
5597858,4,0,24,0,6,0,6,0,6.0,0.0,DDoS
268864,2,2,54,154,27,77,27,77,27.0,77.0,BENIGN
10091079,1,6,6,36,6,6,6,6,6.0,6.0,BENIGN
221,2,0,12,0,6,0,6,0,6.0,0.0,BENIGN
4548875,4,0,24,0,6,0,6,0,6.0,0.0,DDoS
8105634,5,0,30,0,6,0,6,0,6.0,0.0,DDoS
65329338,17,21,757,18536,364,2820,0,0,44.52941176,882.6666667,BENIGN
8106792,4,0,24,0,6,0,6,0,6.0,0.0,DDoS
43792,3,6,26,11601,20,5840,0,0,8.666666667,1933.5,DDoS
20386251,11,11,1749,9997,517,2373,0,0,159.0,908.8181818,BENIGN
5119888,4,0,24,0,6,0,6,0,6.0,0.0,DDoS
419612,3,4,574,929,574,929,0,0,191.3333333,232.25,BENIGN
9457,2,0,0,0,0,0,0,0,0.0,0.0,BENIGN
2194003,5,0,30,0,6,0,6,0,6.0,0.0,DDoS
4,3,0,18,0,6,0,6,0,6.0,0.0,BENIGN
64297913,7,2,187,92,46,46,6,46,26.71428571,46.0,BENIGN
92239368,8,4,56,11601,20,8760,0,0,7.0,2900.25,DDoS
113464801,22,13,2986,6356,1305,2910,0,0,135.7272727,488.9230769,BENIGN
1453164,1,5,1375,24,1375,6,1375,0,1375.0,4.8,BENIGN
48445,1,1,41,143,41,143,41,143,41.0,143.0,BENIGN
502186,3,5,26,11601,20,5840,0,0,8.666666667,2320.2,DDoS
3996921,5,0,30,0,6,0,6,0,6.0,0.0,DDoS
51,3,1,4,4,4,4,0,4,1.333333333,4.0,BENIGN
115798092,16,14,517,752,433,746,0,0,32.3125,53.71428571,BENIGN
280800,7,8,1739,831,1413,597,0,2,248.4285714,103.875,BENIGN
1005661,3,5,26,11607,20,8760,0,0,8.666666667,2321.4,DDoS
10158727,4,0,24,0,6,0,6,0,6.0,0.0,DDoS
6301222,1,6,6,36,6,6,6,6,6.0,6.0,BENIGN
101201636,8,4,56,11601,20,7215,0,0,7.0,2900.25,DDoS
1195106,3,5,26,11607,20,7215,0,0,8.666666667,2321.4,DDoS
137836,3,5,26,11607,20,10135,0,0,8.666666667,2321.4,DDoS
9269402,1,4,6,24,6,6,6,6,6.0,6.0,BENIGN
76868,3,6,26,11607,20,5755,0,0,8.666666667,1934.5,DDoS
5256962,5,0,30,0,6,0,6,0,6.0,0.0,DDoS
81197192,6,10,11613,68,5840,20,0,0,1935.5,6.8,BENIGN
116102317,32,42,1502,35748,349,1604,0,0,46.9375,851.1428571,BENIGN
7809578,5,0,30,0,6,0,6,0,6.0,0.0,DDoS
3413962,4,0,24,0,6,0,6,0,6.0,0.0,DDoS
30923,1,1,44,72,44,72,44,72,44.0,72.0,BENIGN
3089941,5,0,30,0,6,0,6,0,6.0,0.0,DDoS
651047,3,5,26,11601,20,4380,0,0,8.666666667,2320.2,DDoS
72655311,8,4,56,11601,20,8760,0,0,7.0,2900.25,DDoS
25336,3,5,26,11601,20,5840,0,0,8.666666667,2320.2,DDoS
12085559,1,5,1375,24,1375,6,1375,0,1375.0,4.8,BENIGN
3941254,1,5,6,30,6,6,6,6,6.0,6.0,BENIGN
7750787,4,0,24,0,6,0,6,0,6.0,0.0,DDoS
153269,3,5,26,11607,20,5840,0,0,8.666666667,2321.4,DDoS
1197688,3,5,26,11607,20,10135,0,0,8.666666667,2321.4,DDoS
765317,3,4,26,11607,20,11595,0,0,8.666666667,2901.75,DDoS
702010,3,6,26,11601,20,4380,0,0,8.666666667,1933.5,DDoS
9133794,4,0,24,0,6,0,6,0,6.0,0.0,DDoS
1964008,4,0,24,0,6,0,6,0,6.0,0.0,DDoS
80293468,8,4,56,11601,20,5840,0,0,7.0,2900.25,DDoS
213,2,2,70,254,35,127,35,127,35.0,127.0,BENIGN
4184441,1,5,6,30,6,6,6,6,6.0,6.0,BENIGN
30674,2,2,74,190,37,95,37,95,37.0,95.0,BENIGN
3971922,5,0,30,0,6,0,6,0,6.0,0.0,DDoS
1495168,3,4,26,11607,20,11595,0,0,8.666666667,2901.75,DDoS
1003525,3,6,26,11607,20,5840,0,0,8.666666667,1934.5,DDoS
1173803,3,5,26,11607,20,10135,0,0,8.666666667,2321.4,DDoS
8032684,6,9,11613,62,8760,20,0,0,1935.5,6.888888889,BENIGN
88183416,5,10,11613,68,11595,20,0,0,2322.6,6.8,BENIGN
5252382,3,1,0,0,0,0,0,0,0.0,0.0,BENIGN
1666778,1,6,6,36,6,6,6,6,6.0,6.0,BENIGN
76639181,5,9,11607,62,8760,20,0,0,2321.4,6.888888889,BENIGN
4906931,4,0,24,0,6,0,6,0,6.0,0.0,DDoS
4411267,5,1,135,46,46,46,6,46,27.0,46.0,BENIGN
527216,3,6,26,11601,20,4380,0,0,8.666666667,1933.5,DDoS
69333,3,4,26,11607,20,11595,0,0,8.666666667,2901.75,DDoS
406752,3,7,26,11607,20,4380,0,0,8.666666667,1658.142857,DDoS
8096249,4,0,24,0,6,0,6,0,6.0,0.0,DDoS
210,2,2,64,204,32,102,32,102,32.0,102.0,BENIGN
164,2,2,70,126,35,63,35,63,35.0,63.0,BENIGN
3249652,1,6,6,36,6,6,6,6,6.0,6.0,BENIGN
190584,3,5,26,11607,20,7215,0,0,8.666666667,2321.4,DDoS
839227,3,5,26,11601,20,4380,0,0,8.666666667,2320.2,DDoS
38057,3,7,26,11601,20,4380,0,0,8.666666667,1657.285714,DDoS
78319433,8,6,56,11601,20,5840,0,0,7.0,1933.5,DDoS
24258,2,2,90,386,45,193,45,193,45.0,193.0,BENIGN
80197,3,1,12,0,6,0,0,0,4.0,0.0,BENIGN
256,3,1,43,6,31,6,6,6,14.33333333,6.0,BENIGN
78214749,8,4,56,11601,20,5840,0,0,7.0,2900.25,DDoS
1359034,4,0,24,0,6,0,6,0,6.0,0.0,DDoS
81834513,5,9,11613,62,11595,20,0,0,2322.6,6.888888889,BENIGN
50006,1,1,48,100,48,100,48,100,48.0,100.0,BENIGN
1529393,3,5,26,11607,20,7215,0,0,8.666666667,2321.4,DDoS
80894119,8,5,56,11607,20,8675,0,0,7.0,2321.4,DDoS
24511,2,2,78,152,39,76,39,76,39.0,76.0,BENIGN
46561,2,2,60,264,30,132,30,132,30.0,132.0,BENIGN
5097905,4,0,24,0,6,0,6,0,6.0,0.0,DDoS
91860777,8,4,56,11601,20,8760,0,0,7.0,2900.25,DDoS
3526946,1,6,6,36,6,6,6,6,6.0,6.0,BENIGN
30844,4,2,140,200,35,100,35,100,35.0,100.0,BENIGN
1827986,2,7,20,11601,20,2920,0,0,10.0,1657.285714,DDoS
60616,4,4,136,460,34,115,34,115,34.0,115.0,BENIGN
1348430,4,3,26,11607,20,11595,0,6,6.5,3869.0,DDoS
10011894,8,5,56,11607,20,7300,0,0,7.0,2321.4,DDoS
87491411,5,9,11613,62,11595,20,0,0,2322.6,6.888888889,BENIGN
1179966,3,7,26,11601,20,2920,0,0,8.666666667,1657.285714,DDoS
6211870,5,0,30,0,6,0,6,0,6.0,0.0,DDoS
6489680,1,6,6,36,6,6,6,6,6.0,6.0,BENIGN
64371,4,2,156,134,39,67,39,67,39.0,67.0,BENIGN
1002,2,2,2944,578,1472,289,1472,289,1472.0,289.0,BENIGN
745445,3,7,26,11601,20,4380,0,0,8.666666667,1657.285714,DDoS
21676,3,6,26,11601,20,7300,0,0,8.666666667,1933.5,DDoS
98906795,8,4,56,11601,20,8760,0,0,7.0,2900.25,DDoS
647771,3,4,26,11607,20,11595,0,0,8.666666667,2901.75,DDoS
540,2,2,58,190,29,95,29,95,29.0,95.0,BENIGN
346,2,2,70,326,35,163,35,163,35.0,163.0,BENIGN
5589082,10,5,423,3079,198,1448,0,0,42.3,615.8,BENIGN
8057977,1,5,6,30,6,6,6,6,6.0,6.0,BENIGN
562,3,0,0,0,0,0,0,0,0.0,0.0,BENIGN
6212780,4,0,24,0,6,0,6,0,6.0,0.0,DDoS
4884905,5,0,30,0,6,0,6,0,6.0,0.0,DDoS
431544,3,4,581,696,581,696,0,0,193.6666667,174.0,BENIGN
8691752,5,0,30,0,6,0,6,0,6.0,0.0,DDoS
77345,3,4,26,11607,20,11595,0,0,8.666666667,2901.75,DDoS
633943,3,6,26,11601,20,4380,0,0,8.666666667,1933.5,DDoS
3798558,1,7,6,42,6,6,6,6,6.0,6.0,BENIGN
34476,3,5,26,11601,20,4380,0,0,8.666666667,2320.2,DDoS
1862728,3,5,26,11607,20,7300,0,0,8.666666667,2321.4,DDoS
7709817,5,0,30,0,6,0,6,0,6.0,0.0,DDoS
90956623,9,6,62,11601,20,5840,0,0,6.888888889,1933.5,DDoS
168,2,2,90,122,45,61,45,61,45.0,61.0,BENIGN
11893021,1,5,6,30,6,6,6,6,6.0,6.0,BENIGN
4034707,5,0,30,0,6,0,6,0,6.0,0.0,DDoS
94670085,9,6,62,11601,20,4380,0,0,6.888888889,1933.5,DDoS
1804935,4,0,24,0,6,0,6,0,6.0,0.0,DDoS
79006256,8,6,56,11601,20,5840,0,0,7.0,1933.5,DDoS
102115542,8,5,56,11601,20,8760,0,0,7.0,2320.2,DDoS
10430730,5,8,12982,50,11595,20,0,0,2596.4,6.25,BENIGN
47435,3,4,437,859,437,859,0,0,145.6666667,214.75,BENIGN
447514,3,6,26,11607,20,5840,0,0,8.666666667,1934.5,DDoS
101451018,8,7,56,11601,20,2920,0,0,7.0,1657.285714,DDoS
43,1,3,0,18,0,6,0,6,0.0,6.0,BENIGN
90058742,6,9,12982,56,5840,20,0,0,2163.666667,6.222222222,BENIGN
6150864,4,0,24,0,6,0,6,0,6.0,0.0,DDoS
82685156,6,9,11607,62,4380,20,0,0,1934.5,6.888888889,BENIGN
64775687,13,11,2873,1788,1018,728,0,0,221.0,162.5454545,BENIGN
93058,3,5,432,2278,426,1460,0,0,144.0,455.6,BENIGN
4734631,1,5,6,30,6,6,6,6,6.0,6.0,BENIGN
6731921,5,0,30,0,6,0,6,0,6.0,0.0,DDoS
1794746,3,6,26,11601,20,4380,0,0,8.666666667,1933.5,DDoS
637159,3,6,26,11607,20,4380,0,0,8.666666667,1934.5,DDoS
1742429,3,4,26,11601,20,8760,0,0,8.666666667,2900.25,DDoS
1092100,3,5,26,11601,20,7300,0,0,8.666666667,2320.2,DDoS
60441527,13,13,730,4758,360,1460,0,0,56.15384615,366.0,BENIGN
100222543,8,5,56,11607,20,10135,0,0,7.0,2321.4,DDoS
225,2,2,80,272,40,136,40,136,40.0,136.0,BENIGN
82524661,8,5,56,11601,20,8760,0,0,7.0,2320.2,DDoS
244,2,2,64,258,32,129,32,129,32.0,129.0,BENIGN
54,1,1,6,6,6,6,6,6,6.0,6.0,DDoS
1021734,3,7,26,11607,20,5840,0,0,8.666666667,1658.142857,DDoS
9638899,7,8,11607,56,4380,20,0,0,1658.142857,7.0,BENIGN
123408,37,51,1075,75678,298,4380,0,0,29.05405405,1483.882353,BENIGN
10372852,8,14,1855,11312,1512,1689,0,0,231.875,808.0,BENIGN
721796,3,6,26,11607,20,5840,0,0,8.666666667,1934.5,DDoS
94760125,8,6,56,11601,20,4380,0,0,7.0,1933.5,DDoS
174,2,2,62,94,31,47,31,47,31.0,47.0,BENIGN
616610,3,5,26,11607,20,10135,0,0,8.666666667,2321.4,DDoS
10750,2,0,6,0,6,0,0,0,3.0,0.0,BENIGN
129,2,0,12,0,6,0,6,0,6.0,0.0,BENIGN
166,2,2,70,126,35,63,35,63,35.0,63.0,BENIGN
78402907,8,5,56,11607,20,10135,0,0,7.0,2321.4,DDoS
71225,1,1,44,144,44,144,44,144,44.0,144.0,BENIGN
47998,4,0,24,0,6,0,6,0,6.0,0.0,DDoS
6085307,1,5,6,30,6,6,6,6,6.0,6.0,BENIGN
1277352,3,4,26,11607,20,11595,0,0,8.666666667,2901.75,DDoS
120295,1,1,43,277,43,277,43,277,43.0,277.0,BENIGN
96815324,6,9,11613,62,10135,20,0,0,1935.5,6.888888889,BENIGN
4446272,4,0,24,0,6,0,6,0,6.0,0.0,DDoS
9918889,4,0,24,0,6,0,6,0,6.0,0.0,DDoS
5645027,8,6,371,5036,190,1868,0,0,46.375,839.3333333,BENIGN
9922692,1,5,1375,24,1375,6,1375,0,1375.0,4.8,BENIGN
11521717,4,0,24,0,6,0,6,0,6.0,0.0,DDoS
301988,3,6,26,11607,20,5840,0,0,8.666666667,1934.5,DDoS
125,2,2,96,96,48,48,48,48,48.0,48.0,BENIGN
4064936,4,0,24,0,6,0,6,0,6.0,0.0,DDoS
1345113,3,4,26,11607,20,11595,0,0,8.666666667,2901.75,DDoS
27,1,1,6,6,6,6,6,6,6.0,6.0,BENIGN
178,2,2,72,104,36,52,36,52,36.0,52.0,BENIGN
35,1,1,6,6,6,6,6,6,6.0,6.0,BENIGN
88461,1,1,0,0,0,0,0,0,0.0,0.0,BENIGN
1180819,3,6,26,11607,20,5840,0,0,8.666666667,1934.5,DDoS
4470895,5,0,30,0,6,0,6,0,6.0,0.0,DDoS
7421810,5,0,30,0,6,0,6,0,6.0,0.0,DDoS
578403,4,0,24,0,6,0,6,0,6.0,0.0,DDoS
82041970,8,6,56,11601,20,4380,0,0,7.0,1933.5,DDoS
3911927,5,0,30,0,6,0,6,0,6.0,0.0,DDoS
8930817,5,0,30,0,6,0,6,0,6.0,0.0,DDoS
4,3,0,43,0,31,0,6,0,14.33333333,0.0,BENIGN
71988608,5,9,11607,62,8760,20,0,0,2321.4,6.888888889,BENIGN
118090388,15,12,587,4239,201,1418,0,0,39.13333333,353.25,BENIGN
35388,2,1,0,0,0,0,0,0,0.0,0.0,BENIGN
20,1,1,6,6,6,6,6,6,6.0,6.0,BENIGN
49762,3,4,441,860,441,860,0,0,147.0,215.0,BENIGN
12025903,5,0,30,0,6,0,6,0,6.0,0.0,DDoS
60240,3,4,26,11601,20,7215,0,0,8.666666667,2900.25,DDoS
222,2,2,56,88,28,44,28,44,28.0,44.0,BENIGN
35590,4,4,176,400,44,100,44,100,44.0,100.0,BENIGN
7900787,5,0,30,0,6,0,6,0,6.0,0.0,DDoS
5472785,4,0,24,0,6,0,6,0,6.0,0.0,DDoS
1691554,3,4,26,11607,20,11595,0,0,8.666666667,2901.75,DDoS
115957,1,1,0,0,0,0,0,0,0.0,0.0,BENIGN
277,2,2,64,204,32,102,32,102,32.0,102.0,BENIGN
23,13,0,650,0,50,0,50,0,50.0,0.0,BENIGN
75,1,1,0,0,0,0,0,0,0.0,0.0,BENIGN
9992756,4,0,24,0,6,0,6,0,6.0,0.0,DDoS
351761,14,12,1492,6040,894,1430,0,0,106.5714286,503.3333333,BENIGN
5921855,4,0,24,0,6,0,6,0,6.0,0.0,DDoS
8130209,1,6,6,36,6,6,6,6,6.0,6.0,BENIGN
176,2,2,74,106,37,53,37,53,37.0,53.0,BENIGN
108323281,28,28,6628,11762,885,2838,0,2,236.7142857,420.0714286,BENIGN
938658,3,4,26,11601,20,8760,0,0,8.666666667,2900.25,DDoS
306192,3,4,26,11601,20,8760,0,0,8.666666667,2900.25,DDoS
6556836,4,0,24,0,6,0,6,0,6.0,0.0,DDoS
9613898,1,5,6,30,6,6,6,6,6.0,6.0,BENIGN
681423,3,4,26,11601,20,7300,0,0,8.666666667,2900.25,DDoS
82091004,5,9,11613,62,11595,20,0,0,2322.6,6.888888889,BENIGN
6900565,1,6,6,36,6,6,6,6,6.0,6.0,BENIGN
47985,2,2,86,220,43,110,43,110,43.0,110.0,BENIGN
1444966,5,0,30,0,6,0,6,0,6.0,0.0,DDoS
19703,3,4,26,11601,20,10135,0,0,8.666666667,2900.25,DDoS
102117360,6,9,11613,62,7215,20,0,0,1935.5,6.888888889,BENIGN
28088,3,4,26,11607,20,11595,0,0,8.666666667,2901.75,DDoS
24454,2,2,90,230,45,115,45,115,45.0,115.0,BENIGN
1714844,3,5,26,11607,20,5840,0,0,8.666666667,2321.4,DDoS
364,3,1,0,914,0,914,0,914,0.0,914.0,BENIGN
690609,5,2,11607,26,11595,20,0,6,2321.4,13.0,BENIGN
65,1,1,6,6,6,6,6,6,6.0,6.0,BENIGN
6974718,10,9,1735,7089,808,2920,0,2,173.5,787.6666667,BENIGN
1778131,3,5,26,11601,20,4380,0,0,8.666666667,2320.2,DDoS
97232873,8,4,56,11601,20,7215,0,0,7.0,2900.25,DDoS
1022859,3,4,26,11601,20,8760,0,0,8.666666667,2900.25,DDoS
100217897,8,6,56,11601,20,4380,0,0,7.0,1933.5,DDoS
1,2,0,14,0,14,0,0,0,7.0,0.0,BENIGN
81142302,2,2,93,171,51,104,42,67,46.5,85.5,BENIGN
177,2,2,46,46,23,23,23,23,23.0,23.0,BENIGN
9944724,6,0,36,0,6,0,6,0,6.0,0.0,DDoS
81932909,8,6,56,11607,20,4380,0,0,7.0,1934.5,DDoS
1797820,3,5,26,11607,20,8675,0,0,8.666666667,2321.4,DDoS
23546,1,1,49,177,49,177,49,177,49.0,177.0,BENIGN
1995956,4,0,24,0,6,0,6,0,6.0,0.0,DDoS
270513,3,5,26,11607,20,10135,0,0,8.666666667,2321.4,DDoS
70881667,9,4,62,11601,20,7215,0,0,6.888888889,2900.25,DDoS
1829170,6,2,11601,26,5840,20,0,6,1933.5,13.0,BENIGN
3961740,5,1,135,46,46,46,6,46,27.0,46.0,BENIGN
23174,1,1,0,0,0,0,0,0,0.0,0.0,BENIGN
107395,4,2,120,242,30,121,30,121,30.0,121.0,BENIGN
93951224,8,6,56,11607,20,4380,0,0,7.0,1934.5,DDoS
81753795,6,9,11613,62,8675,20,0,0,1935.5,6.888888889,BENIGN
5916959,10,7,357,5720,200,1448,0,0,35.7,817.1428571,BENIGN
87521890,9,4,62,11607,20,11595,0,0,6.888888889,2901.75,DDoS
904183,3,4,443,872,437,860,0,0,147.6666667,218.0,BENIGN
49493,1,1,43,71,43,71,43,71,43.0,71.0,BENIGN
1024139,2,7,20,11607,20,4380,0,0,10.0,1658.142857,DDoS
90372316,8,3,56,11601,20,11595,0,0,7.0,3867.0,DDoS
715272,3,5,26,11601,20,4380,0,0,8.666666667,2320.2,DDoS
7925777,5,0,30,0,6,0,6,0,6.0,0.0,DDoS
651865,3,5,26,11607,20,5840,0,0,8.666666667,2321.4,DDoS
27474,3,6,26,11601,20,4380,0,0,8.666666667,1933.5,DDoS
115421778,16,14,439,796,439,796,0,0,27.4375,56.85714286,BENIGN
353,1,1,44,93,44,93,44,93,44.0,93.0,BENIGN
5514758,9,6,348,3851,191,1448,0,0,38.66666667,641.8333333,BENIGN
45323,2,0,12,0,6,0,6,0,6.0,0.0,BENIGN
23287,1,1,44,96,44,96,44,96,44.0,96.0,BENIGN
292004,3,7,26,11601,20,2920,0,0,8.666666667,1657.285714,DDoS
10125735,4,0,24,0,6,0,6,0,6.0,0.0,DDoS
7839845,1,6,6,36,6,6,6,6,6.0,6.0,BENIGN
1090960,3,4,26,11601,20,7215,0,0,8.666666667,2900.25,DDoS
9992286,7,4,50,11607,20,11595,0,0,7.142857143,2901.75,DDoS
40760,3,7,26,11601,20,4380,0,0,8.666666667,1657.285714,DDoS
2604001,5,0,30,0,6,0,6,0,6.0,0.0,DDoS
241,2,2,88,188,44,94,44,94,44.0,94.0,BENIGN
7264810,4,0,24,0,6,0,6,0,6.0,0.0,DDoS
738060,5,0,30,0,6,0,6,0,6.0,0.0,DDoS
76555791,8,4,56,11601,20,8760,0,0,7.0,2900.25,DDoS
355562,1,5,6,30,6,6,6,6,6.0,6.0,BENIGN
74018875,8,6,56,11601,20,5840,0,0,7.0,1933.5,DDoS
6148777,4,0,24,0,6,0,6,0,6.0,0.0,DDoS
7185842,5,0,30,0,6,0,6,0,6.0,0.0,DDoS
46023,5,0,30,0,6,0,6,0,6.0,0.0,DDoS
19672,3,7,26,11601,20,2920,0,0,8.666666667,1657.285714,DDoS
176282,2,2,56,220,28,110,28,110,28.0,110.0,BENIGN
45340,3,4,26,11601,20,8675,0,0,8.666666667,2900.25,DDoS
1822162,3,5,26,11607,20,5840,0,0,8.666666667,2321.4,DDoS
150,1,1,6,6,6,6,6,6,6.0,6.0,BENIGN
7925043,5,0,30,0,6,0,6,0,6.0,0.0,DDoS
1209026,3,6,26,11601,20,4380,0,0,8.666666667,1933.5,DDoS
58997,5,0,30,0,6,0,6,0,6.0,0.0,DDoS
30579,1,1,53,107,53,107,53,107,53.0,107.0,BENIGN
78496727,8,5,56,11607,20,7215,0,0,7.0,2321.4,DDoS
192,2,2,74,106,37,53,37,53,37.0,53.0,BENIGN
134328,3,6,26,11601,20,5840,0,0,8.666666667,1933.5,DDoS
11400701,5,0,30,0,6,0,6,0,6.0,0.0,DDoS
115540245,20,16,1311,2238,437,746,0,0,65.55,139.875,BENIGN
90997175,6,9,11613,62,7215,20,0,0,1935.5,6.888888889,BENIGN
781008,4,0,24,0,6,0,6,0,6.0,0.0,DDoS
99739741,5,10,11607,68,8760,20,0,0,2321.4,6.8,BENIGN
91856700,8,6,56,11601,20,5840,0,0,7.0,1933.5,DDoS
293029,5,3,11607,26,5840,20,0,0,2321.4,8.666666667,BENIGN
66264,3,4,26,11601,20,8760,0,0,8.666666667,2900.25,DDoS
80407528,9,4,62,11601,20,5840,0,0,6.888888889,2900.25,DDoS
4926972,4,0,24,0,6,0,6,0,6.0,0.0,DDoS
6952848,5,0,30,0,6,0,6,0,6.0,0.0,DDoS
105,3,0,65,0,53,0,6,0,21.66666667,0.0,BENIGN
208,2,1,31,6,31,6,0,6,15.5,6.0,BENIGN
4550889,5,0,30,0,6,0,6,0,6.0,0.0,DDoS
6098,2,0,12,0,6,0,6,0,6.0,0.0,BENIGN
89,2,0,0,0,0,0,0,0,0.0,0.0,BENIGN
70891,3,7,26,11601,20,2920,0,0,8.666666667,1657.285714,DDoS
361024,3,5,26,11607,20,7215,0,0,8.666666667,2321.4,DDoS
1758393,3,5,26,11607,20,10135,0,0,8.666666667,2321.4,DDoS
882966,3,4,26,11607,20,11595,0,0,8.666666667,2901.75,DDoS
799113,3,4,26,11601,20,8760,0,0,8.666666667,2900.25,DDoS
2037460,4,0,24,0,6,0,6,0,6.0,0.0,DDoS
255,2,2,64,258,32,129,32,129,32.0,129.0,BENIGN
4898860,5,0,30,0,6,0,6,0,6.0,0.0,DDoS
15397616,3,2,18,0,6,0,6,0,6.0,0.0,BENIGN
25192,3,4,26,11601,20,5840,0,0,8.666666667,2900.25,DDoS
89991593,7,5,50,11607,20,10135,0,0,7.142857143,2321.4,DDoS
6536879,5,0,30,0,6,0,6,0,6.0,0.0,DDoS
10570725,5,0,30,0,6,0,6,0,6.0,0.0,DDoS
266112,4,4,209,1698,197,1686,0,0,52.25,424.5,BENIGN
5464876,5,0,30,0,6,0,6,0,6.0,0.0,DDoS
59271,1,1,52,68,52,68,52,68,52.0,68.0,BENIGN
8935778,5,0,30,0,6,0,6,0,6.0,0.0,DDoS
267190,5,2,11607,26,11595,20,0,6,2321.4,13.0,BENIGN
22,13,0,650,0,50,0,50,0,50.0,0.0,BENIGN
139554,3,4,26,11601,20,7215,0,0,8.666666667,2900.25,DDoS
10415,3,4,26,11601,20,10135,0,0,8.666666667,2900.25,DDoS
508402,2,0,0,0,0,0,0,0,0.0,0.0,BENIGN
63468,3,7,26,11601,20,4380,0,0,8.666666667,1657.285714,DDoS
211,2,2,78,110,39,55,39,55,39.0,55.0,BENIGN
108854240,2,2,97,172,51,110,46,62,48.5,86.0,BENIGN
310282,3,4,26,11601,20,5840,0,0,8.666666667,2900.25,DDoS
2044167,1,5,6,30,6,6,6,6,6.0,6.0,BENIGN
835,2,2,70,232,35,116,35,116,35.0,116.0,BENIGN
144643,3,5,26,11607,20,7300,0,0,8.666666667,2321.4,DDoS
2121909,4,0,24,0,6,0,6,0,6.0,0.0,DDoS
11882693,5,0,30,0,6,0,6,0,6.0,0.0,DDoS
82198656,5,9,11613,62,11595,20,0,0,2322.6,6.888888889,BENIGN
50144,3,6,26,11601,20,4380,0,0,8.666666667,1933.5,DDoS
81295401,8,4,56,11601,20,10135,0,0,7.0,2900.25,DDoS
5483873,5,0,30,0,6,0,6,0,6.0,0.0,DDoS
1812082,3,4,26,11601,20,8675,0,0,8.666666667,2900.25,DDoS
1984975,5,0,30,0,6,0,6,0,6.0,0.0,DDoS
6000908,5,0,30,0,6,0,6,0,6.0,0.0,DDoS
91621409,7,10,11613,68,5840,20,0,0,1659.0,6.8,BENIGN
11278693,4,0,24,0,6,0,6,0,6.0,0.0,DDoS
51,1,1,6,6,6,6,6,6,6.0,6.0,BENIGN
640558,8,2,11607,26,4380,20,0,6,1450.875,13.0,BENIGN
231,2,2,136,392,68,196,68,196,68.0,196.0,BENIGN
37,1,1,6,6,6,6,6,6,6.0,6.0,BENIGN
86710,3,5,26,11607,20,7215,0,0,8.666666667,2321.4,DDoS
4663969,5,0,30,0,6,0,6,0,6.0,0.0,DDoS
392583,3,6,26,11601,20,4380,0,0,8.666666667,1933.5,DDoS
23811,2,2,70,254,35,127,35,127,35.0,127.0,BENIGN
1731751,3,4,26,11607,20,11595,0,0,8.666666667,2901.75,DDoS
153,2,2,88,120,44,60,44,60,44.0,60.0,BENIGN
78351538,7,10,11607,68,4380,20,0,0,1658.142857,6.8,BENIGN
313,2,0,0,0,0,0,0,0,0.0,0.0,BENIGN
8738787,4,0,24,0,6,0,6,0,6.0,0.0,DDoS
3725726,1,7,6,42,6,6,6,6,6.0,6.0,BENIGN
561370,3,4,26,11607,20,11595,0,0,8.666666667,2901.75,DDoS
5632810,8,5,609,3241,342,1700,0,0,76.125,648.2,BENIGN
443048,3,6,26,11607,20,5840,0,0,8.666666667,1934.5,DDoS
8557370,5,0,30,0,6,0,6,0,6.0,0.0,DDoS
34,2,0,12,0,6,0,6,0,6.0,0.0,BENIGN
48,2,0,12,0,6,0,6,0,6.0,0.0,BENIGN
4709,2,0,12,0,6,0,6,0,6.0,0.0,BENIGN
285,2,2,60,220,30,110,30,110,30.0,110.0,BENIGN
11901120,4,0,24,0,6,0,6,0,6.0,0.0,DDoS
81177000,8,5,56,11607,20,10135,0,0,7.0,2321.4,DDoS
85922652,7,9,11607,62,5840,20,0,0,1658.142857,6.888888889,BENIGN
72214604,6,9,11613,62,7215,20,0,0,1935.5,6.888888889,BENIGN
8433643,4,0,24,0,6,0,6,0,6.0,0.0,DDoS
34821,3,5,26,11607,20,7215,0,0,8.666666667,2321.4,DDoS
6350356,5,0,30,0,6,0,6,0,6.0,0.0,DDoS
147440,2,2,72,184,36,92,36,92,36.0,92.0,BENIGN
4,2,0,0,0,0,0,0,0,0.0,0.0,BENIGN
2777927,4,0,24,0,6,0,6,0,6.0,0.0,DDoS
61085528,18,14,741,5287,436,2648,0,0,41.16666667,377.6428571,BENIGN
281,2,2,102,224,51,112,51,112,51.0,112.0,BENIGN
986244,3,5,26,11607,20,10135,0,0,8.666666667,2321.4,DDoS
184067,7,2,11601,26,2920,20,0,6,1657.285714,13.0,BENIGN
28620,3,6,26,11601,20,4380,0,0,8.666666667,1933.5,DDoS
75944,3,6,26,11607,20,4380,0,0,8.666666667,1934.5,DDoS
15521,3,5,26,11607,20,5840,0,0,8.666666667,2321.4,DDoS
477168,3,6,26,11601,20,4380,0,0,8.666666667,1933.5,DDoS
453705,5,0,30,0,6,0,6,0,6.0,0.0,DDoS
78825269,7,9,11613,62,4380,20,0,0,1659.0,6.888888889,BENIGN
28798,7,2,11607,26,8760,20,0,6,1658.142857,13.0,BENIGN
73278709,8,4,56,11601,20,8760,0,0,7.0,2900.25,DDoS
1807085,5,0,30,0,6,0,6,0,6.0,0.0,DDoS
1764333,3,6,26,11601,20,4380,0,0,8.666666667,1933.5,DDoS
15021392,6,7,926,5500,454,1460,0,0,154.3333333,785.7142857,BENIGN
177,2,2,72,136,36,68,36,68,36.0,68.0,BENIGN
49493,4,2,156,506,39,253,39,253,39.0,253.0,BENIGN
41616,2,2,60,288,30,144,30,144,30.0,144.0,BENIGN
438419,3,4,647,421,647,421,0,0,215.6666667,105.25,BENIGN
4328941,4,0,24,0,6,0,6,0,6.0,0.0,DDoS
24992,3,5,26,11601,20,4380,0,0,8.666666667,2320.2,DDoS
243,2,2,64,96,32,48,32,48,32.0,48.0,BENIGN
81939544,8,6,56,11601,20,4380,0,0,7.0,1933.5,DDoS
653550,6,2,11607,26,7215,20,0,6,1934.5,13.0,BENIGN
743952,3,6,26,11607,20,4380,0,0,8.666666667,1934.5,DDoS
25879,3,5,26,11601,20,5840,0,0,8.666666667,2320.2,DDoS
97722977,8,6,56,11601,20,5840,0,0,7.0,1933.5,DDoS
102067113,8,5,56,11601,20,5840,0,0,7.0,2320.2,DDoS
97721969,6,9,11613,62,8760,20,0,0,1935.5,6.888888889,BENIGN
4038061,4,0,24,0,6,0,6,0,6.0,0.0,DDoS
21966,1,6,1375,30,1375,6,1375,0,1375.0,5.0,BENIGN
70824752,8,5,56,11607,20,8675,0,0,7.0,2321.4,DDoS
31934,3,5,26,11607,20,8675,0,0,8.666666667,2321.4,DDoS
320,2,2,84,204,42,102,42,102,42.0,102.0,BENIGN
49146,2,2,70,232,35,116,35,116,35.0,116.0,BENIGN
10301531,4,0,24,0,6,0,6,0,6.0,0.0,DDoS
5527175,5,0,30,0,6,0,6,0,6.0,0.0,DDoS
199,2,2,66,98,33,49,33,49,33.0,49.0,BENIGN
9140786,5,0,30,0,6,0,6,0,6.0,0.0,DDoS
60588,2,2,62,144,31,72,31,72,31.0,72.0,BENIGN
8532696,4,0,24,0,6,0,6,0,6.0,0.0,DDoS
5870910,1,6,6,36,6,6,6,6,6.0,6.0,BENIGN
2890948,5,0,30,0,6,0,6,0,6.0,0.0,DDoS
149973,3,4,26,11601,20,8760,0,0,8.666666667,2900.25,DDoS
1844654,6,2,11601,26,5840,20,0,6,1933.5,13.0,BENIGN
852656,7,2,11601,26,2920,20,0,6,1657.285714,13.0,BENIGN
8255272,8,5,56,11607,20,10135,0,0,7.0,2321.4,DDoS
1164786,3,5,26,11607,20,10135,0,0,8.666666667,2321.4,DDoS
1862152,3,5,26,11607,20,7300,0,0,8.666666667,2321.4,DDoS
90,1,1,6,6,6,6,6,6,6.0,6.0,BENIGN
50,4,0,12,0,6,0,0,0,3.0,0.0,BENIGN
63,1,1,6,6,6,6,6,6,6.0,6.0,BENIGN
5244851,5,0,30,0,6,0,6,0,6.0,0.0,DDoS
555209,12,9,1030,5712,501,1413,0,0,85.83333333,634.6666667,BENIGN
101465023,8,6,56,11607,20,5840,0,0,7.0,1934.5,DDoS
179,3,0,49,0,37,0,6,0,16.33333333,0.0,BENIGN
237166,1,1,0,0,0,0,0,0,0.0,0.0,BENIGN
149,2,2,74,138,37,69,37,69,37.0,69.0,BENIGN
644199,3,5,26,11607,20,10135,0,0,8.666666667,2321.4,DDoS
6957860,5,0,30,0,6,0,6,0,6.0,0.0,DDoS
84835344,9,5,62,11607,20,5840,0,0,6.888888889,2321.4,DDoS
5839722,5,0,30,0,6,0,6,0,6.0,0.0,DDoS
138298,3,5,26,11601,20,7300,0,0,8.666666667,2320.2,DDoS
1158602,6,2,11601,26,4380,20,0,6,1933.5,13.0,BENIGN
23756560,2,0,0,0,0,0,0,0,0.0,0.0,BENIGN
72299623,8,4,56,11607,20,11595,0,0,7.0,2901.75,DDoS
145453,3,5,26,11601,20,5840,0,0,8.666666667,2320.2,DDoS
6049100,4,0,24,0,6,0,6,0,6.0,0.0,DDoS
340221,2,6,20,11601,20,4380,0,0,10.0,1933.5,DDoS
622235,3,7,26,11607,20,4380,0,0,8.666666667,1658.142857,DDoS
1090146,3,5,26,11607,20,10220,0,0,8.666666667,2321.4,DDoS
107788,3,4,26,11607,20,11595,0,0,8.666666667,2901.75,DDoS
9671725,4,0,24,0,6,0,6,0,6.0,0.0,DDoS
3090685,1,6,6,36,6,6,6,6,6.0,6.0,BENIGN
689272,3,6,26,11607,20,4380,0,0,8.666666667,1934.5,DDoS
1491507,1,5,6,30,6,6,6,6,6.0,6.0,BENIGN
11336688,5,0,30,0,6,0,6,0,6.0,0.0,DDoS
8365809,4,0,24,0,6,0,6,0,6.0,0.0,DDoS
72919,4,0,24,0,6,0,6,0,6.0,0.0,DDoS
212,2,2,72,146,36,73,36,73,36.0,73.0,BENIGN
3958915,4,0,24,0,6,0,6,0,6.0,0.0,DDoS
6175846,4,0,24,0,6,0,6,0,6.0,0.0,DDoS
900256,3,5,26,11607,20,7215,0,0,8.666666667,2321.4,DDoS
1117003,1,6,1375,30,1375,6,1375,0,1375.0,5.0,BENIGN
1291447,11,8,2729,6568,2402,2896,0,0,248.0909091,821.0,BENIGN
10036730,1,6,6,36,6,6,6,6,6.0,6.0,BENIGN
148028,1,1,0,0,0,0,0,0,0.0,0.0,BENIGN
71033,4,0,24,0,6,0,6,0,6.0,0.0,DDoS
1201843,3,5,26,11601,20,4380,0,0,8.666666667,2320.2,DDoS
1567987,5,0,30,0,6,0,6,0,6.0,0.0,DDoS
119048,2,0,12,0,6,0,6,0,6.0,0.0,BENIGN
733690,3,5,26,11607,20,5840,0,0,8.666666667,2321.4,DDoS
3322950,6,0,36,0,6,0,6,0,6.0,0.0,DDoS
4072800,1,5,1375,24,1375,6,1375,0,1375.0,4.8,BENIGN
694624,3,5,26,11607,20,10135,0,0,8.666666667,2321.4,DDoS
11849492,1,6,1375,30,1375,6,1375,0,1375.0,5.0,BENIGN
64267,3,6,26,11601,20,4380,0,0,8.666666667,1933.5,DDoS
925975,3,5,26,11607,20,8760,0,0,8.666666667,2321.4,DDoS
4922881,4,0,24,0,6,0,6,0,6.0,0.0,DDoS
35012,3,5,26,11601,20,8760,0,0,8.666666667,2320.2,DDoS
642013,4,0,24,0,6,0,6,0,6.0,0.0,DDoS
72242285,8,5,56,11601,20,7300,0,0,7.0,2320.2,DDoS
80801,3,6,26,11607,20,4380,0,0,8.666666667,1934.5,DDoS
906284,3,4,26,11601,20,8760,0,0,8.666666667,2900.25,DDoS
24403,1,1,41,122,41,122,41,122,41.0,122.0,BENIGN
30752,2,2,112,276,56,138,56,138,56.0,138.0,BENIGN
432925,4,4,671,421,671,421,0,0,167.75,105.25,BENIGN
23773,26,31,156,59368,6,2896,6,0,6.0,1915.096774,BENIGN
646735,3,5,26,11607,20,7215,0,0,8.666666667,2321.4,DDoS
1727868,3,5,26,11607,20,5840,0,0,8.666666667,2321.4,DDoS
78389283,8,4,56,11601,20,8760,0,0,7.0,2900.25,DDoS
683318,3,5,26,11601,20,7300,0,0,8.666666667,2320.2,DDoS
142,2,2,72,104,36,52,36,52,36.0,52.0,BENIGN
150394,1,1,51,188,51,188,51,188,51.0,188.0,BENIGN
81596115,9,4,62,11601,20,8760,0,0,6.888888889,2900.25,DDoS
1072914,3,5,26,11607,20,7215,0,0,8.666666667,2321.4,DDoS
98236184,9,4,62,11601,20,8760,0,0,6.888888889,2900.25,DDoS
106361,3,5,26,11607,20,7215,0,0,8.666666667,2321.4,DDoS
166,2,2,70,168,35,84,35,84,35.0,84.0,BENIGN
603546,7,2,11607,26,4380,20,0,6,1658.142857,13.0,BENIGN
6059656,4,0,24,0,6,0,6,0,6.0,0.0,DDoS
5814578,11,11,1635,10238,722,2053,0,0,148.6363636,930.7272727,BENIGN
816858,3,6,26,11607,20,5840,0,0,8.666666667,1934.5,DDoS
7256845,4,0,24,0,6,0,6,0,6.0,0.0,DDoS
73178,3,4,26,11601,20,10135,0,0,8.666666667,2900.25,DDoS
52,1,1,6,6,6,6,6,6,6.0,6.0,BENIGN
99944674,6,9,11613,62,10135,20,0,0,1935.5,6.888888889,BENIGN
1398979,4,0,24,0,6,0,6,0,6.0,0.0,DDoS
8017828,4,0,24,0,6,0,6,0,6.0,0.0,DDoS
2012990,5,0,30,0,6,0,6,0,6.0,0.0,DDoS
8709988,3,0,0,0,0,0,0,0,0.0,0.0,BENIGN
58219,3,6,26,11601,20,4380,0,0,8.666666667,1933.5,DDoS
59485,3,5,26,11607,20,7215,0,0,8.666666667,2321.4,DDoS
95557548,5,9,12976,56,10135,20,0,0,2595.2,6.222222222,BENIGN
81365710,5,0,30,0,6,0,6,0,6.0,0.0,DDoS
90850901,6,10,11613,68,10135,20,0,0,1935.5,6.8,BENIGN
42016,5,0,30,0,6,0,6,0,6.0,0.0,DDoS
71877827,8,5,56,11607,20,8760,0,0,7.0,2321.4,DDoS
257,2,2,64,258,32,129,32,129,32.0,129.0,BENIGN
1316081,41,42,2728,6634,456,976,0,0,66.53658537,157.952381,BENIGN
80759399,8,6,56,11607,20,4380,0,0,7.0,1934.5,DDoS
7036572,5,0,30,0,6,0,6,0,6.0,0.0,DDoS
6134261,5,0,30,0,6,0,6,0,6.0,0.0,DDoS
175681,3,6,26,11607,20,5755,0,0,8.666666667,1934.5,DDoS
231625,3,4,26,11607,20,11595,0,0,8.666666667,2901.75,DDoS
168,2,2,82,152,41,76,41,76,41.0,76.0,BENIGN
81879,4,3,11607,26,11595,20,0,0,2901.75,8.666666667,BENIGN
59976,4,2,144,128,36,64,36,64,36.0,64.0,BENIGN
655393,3,6,26,11607,20,4380,0,0,8.666666667,1934.5,DDoS
5906527,3,1,12,0,6,0,0,0,4.0,0.0,BENIGN
47875,1,1,48,129,48,129,48,129,48.0,129.0,BENIGN
116649271,13,12,614,4646,192,1430,0,0,47.23076923,387.1666667,BENIGN
128179,4,2,264,474,66,237,66,237,66.0,237.0,BENIGN
87735318,8,6,56,11601,20,4380,0,0,7.0,1933.5,DDoS
8003802,5,0,30,0,6,0,6,0,6.0,0.0,DDoS
9055677,5,0,30,0,6,0,6,0,6.0,0.0,DDoS
527127,3,5,26,11601,20,7300,0,0,8.666666667,2320.2,DDoS
422980,3,4,26,11607,20,11595,0,0,8.666666667,2901.75,DDoS
7897427,7,5,50,11607,20,10135,0,0,7.142857143,2321.4,DDoS
75662450,9,6,62,11607,20,5840,0,0,6.888888889,1934.5,DDoS
1365494,3,6,26,11607,20,8760,0,0,8.666666667,1934.5,DDoS
7566770,4,0,24,0,6,0,6,0,6.0,0.0,DDoS
21660,3,5,26,11607,20,7215,0,0,8.666666667,2321.4,DDoS
1614241,3,6,26,11607,20,5840,0,0,8.666666667,1934.5,DDoS
5715473,4,0,24,0,6,0,6,0,6.0,0.0,DDoS
595386,4,0,24,0,6,0,6,0,6.0,0.0,DDoS
81919177,8,5,56,11607,20,10135,0,0,7.0,2321.4,DDoS
859,2,2,74,154,37,77,37,77,37.0,77.0,BENIGN
7417833,5,0,30,0,6,0,6,0,6.0,0.0,DDoS
10605705,4,0,24,0,6,0,6,0,6.0,0.0,DDoS
108775,4,2,140,692,35,346,35,346,35.0,346.0,BENIGN
36837,4,0,24,0,6,0,6,0,6.0,0.0,DDoS
96056,3,5,26,11607,20,10135,0,0,8.666666667,2321.4,DDoS
61312,4,2,116,228,29,114,29,114,29.0,114.0,BENIGN
955,2,2,58,164,29,82,29,82,29.0,82.0,BENIGN
2099937,4,0,24,0,6,0,6,0,6.0,0.0,DDoS
78713886,8,5,56,11607,20,5840,0,0,7.0,2321.4,DDoS
81772110,8,5,56,11607,20,10220,0,0,7.0,2321.4,DDoS
51314,2,2,102,158,51,79,51,79,51.0,79.0,BENIGN
4578787,8,12,1170,10134,570,2920,0,0,146.25,844.5,BENIGN
4023888,4,0,24,0,6,0,6,0,6.0,0.0,DDoS
10095731,4,0,24,0,6,0,6,0,6.0,0.0,DDoS
234272,3,5,26,11607,20,5840,0,0,8.666666667,2321.4,DDoS
8431845,7,5,50,11607,20,7215,0,0,7.142857143,2321.4,DDoS
264,2,2,74,462,37,231,37,231,37.0,231.0,BENIGN
1562615,3,5,26,11607,20,8760,0,0,8.666666667,2321.4,DDoS
470846,3,6,26,11601,20,4380,0,0,8.666666667,1933.5,DDoS
848940,3,6,26,11601,20,5840,0,0,8.666666667,1933.5,DDoS
11901604,5,0,30,0,6,0,6,0,6.0,0.0,DDoS
97612165,8,4,56,11601,20,5840,0,0,7.0,2900.25,DDoS
71432,1,1,46,138,46,138,46,138,46.0,138.0,BENIGN
162551,3,5,26,11607,20,10135,0,0,8.666666667,2321.4,DDoS
15,1,1,6,6,6,6,6,6,6.0,6.0,BENIGN
1560356,3,7,26,11607,20,4380,0,0,8.666666667,1658.142857,DDoS
905444,3,6,26,11601,20,4380,0,0,8.666666667,1933.5,DDoS
1019355,3,7,26,11607,20,4380,0,0,8.666666667,1658.142857,DDoS
857473,3,4,26,11601,20,8760,0,0,8.666666667,2900.25,DDoS
15390937,6,5,494,784,384,606,6,6,82.33333333,156.8,BENIGN
491,1,1,48,103,48,103,48,103,48.0,103.0,BENIGN
189199,3,6,26,11607,20,5840,0,0,8.666666667,1934.5,DDoS
9113379,4,0,24,0,6,0,6,0,6.0,0.0,DDoS
70130973,7,9,11607,62,5840,20,0,0,1658.142857,6.888888889,BENIGN
6664310,4,0,24,0,6,0,6,0,6.0,0.0,DDoS
50580123,38,52,1197,82420,634,4380,0,0,31.5,1585.0,BENIGN
47102,1,1,57,119,57,119,57,119,57.0,119.0,BENIGN
30878,3,4,26,11601,20,8760,0,0,8.666666667,2900.25,DDoS
5282892,5,0,30,0,6,0,6,0,6.0,0.0,DDoS
97607301,8,7,56,11601,20,5840,0,0,7.0,1657.285714,DDoS
37833,3,6,26,11601,20,5840,0,0,8.666666667,1933.5,DDoS
612247,3,6,26,11601,20,4380,0,0,8.666666667,1933.5,DDoS
1862321,7,2,11607,26,4380,20,0,6,1658.142857,13.0,BENIGN
71665,3,6,26,11601,20,4380,0,0,8.666666667,1933.5,DDoS
40002,3,4,26,11607,20,11595,0,0,8.666666667,2901.75,DDoS
5821050,8,6,562,3119,318,1460,0,0,70.25,519.8333333,BENIGN
48,2,0,12,0,6,0,6,0,6.0,0.0,BENIGN
5074372,1,6,6,36,6,6,6,6,6.0,6.0,BENIGN
23639,2,2,60,264,30,132,30,132,30.0,132.0,BENIGN
87324,5,2,11601,26,8760,20,0,6,2320.2,13.0,BENIGN
1129779,3,5,26,11607,20,7300,0,0,8.666666667,2321.4,DDoS
1149340,3,5,26,11601,20,4380,0,0,8.666666667,2320.2,DDoS
82404771,5,10,11607,68,8760,20,0,0,2321.4,6.8,BENIGN
194820,3,6,26,11607,20,4380,0,0,8.666666667,1934.5,DDoS
95726272,8,6,56,11601,20,5840,0,0,7.0,1933.5,DDoS
1820597,3,5,26,11607,20,7215,0,0,8.666666667,2321.4,DDoS
1355300,3,6,26,11607,20,4380,0,0,8.666666667,1934.5,DDoS
80287069,7,10,11613,68,5840,20,0,0,1659.0,6.8,BENIGN
71486476,6,9,11607,62,5840,20,0,0,1934.5,6.888888889,BENIGN
4070,3,1,58,0,46,0,6,0,19.33333333,0.0,BENIGN
751250,3,5,26,11607,20,7215,0,0,8.666666667,2321.4,DDoS
36,1,1,0,0,0,0,0,0,0.0,0.0,BENIGN
73925251,8,6,56,11601,20,4380,0,0,7.0,1933.5,DDoS
12082688,4,0,24,0,6,0,6,0,6.0,0.0,DDoS
250,2,2,50,434,25,217,25,217,25.0,217.0,BENIGN
176063,3,5,26,11607,20,10135,0,0,8.666666667,2321.4,DDoS
23915,2,2,56,120,28,60,28,60,28.0,60.0,BENIGN
96969389,8,6,56,11607,20,4380,0,0,7.0,1934.5,DDoS
4096893,5,0,30,0,6,0,6,0,6.0,0.0,DDoS
4715703,1,5,6,30,6,6,6,6,6.0,6.0,BENIGN
12021222,1,5,1375,24,1375,6,1375,0,1375.0,4.8,BENIGN
71724461,7,9,11613,62,5840,20,0,0,1659.0,6.888888889,BENIGN
1050164,3,5,26,11607,20,7300,0,0,8.666666667,2321.4,DDoS
9915237,4,0,24,0,6,0,6,0,6.0,0.0,DDoS
28805,3,5,26,11601,20,4380,0,0,8.666666667,2320.2,DDoS
34618,3,5,26,11601,20,8760,0,0,8.666666667,2320.2,DDoS
7932837,5,0,30,0,6,0,6,0,6.0,0.0,DDoS
1220968,3,6,26,11607,20,4380,0,0,8.666666667,1934.5,DDoS
2155426,5,0,30,0,6,0,6,0,6.0,0.0,DDoS
1313542,3,3,0,18,0,6,0,6,0.0,6.0,BENIGN
328457,3,6,26,11607,20,5840,0,0,8.666666667,1934.5,DDoS
31372,3,4,26,11601,20,8760,0,0,8.666666667,2900.25,DDoS
1681986,4,0,24,0,6,0,6,0,6.0,0.0,DDoS
101369390,6,10,11613,68,5840,20,0,0,1935.5,6.8,BENIGN
135,2,2,88,120,44,60,44,60,44.0,60.0,BENIGN
30789,1,1,58,114,58,114,58,114,58.0,114.0,BENIGN
394452,3,4,26,11601,20,8760,0,0,8.666666667,2900.25,DDoS
1029766,3,3,0,18,0,6,0,6,0.0,6.0,BENIGN
1113263,3,5,26,11601,20,8760,0,0,8.666666667,2320.2,DDoS
849065,3,6,26,11601,20,2920,0,0,8.666666667,1933.5,DDoS
61516912,29,29,1669,33894,517,2920,0,0,57.55172414,1168.758621,BENIGN
31698,3,5,26,11601,20,7300,0,0,8.666666667,2320.2,DDoS
24106,7,2,11601,26,4380,20,0,6,1657.285714,13.0,BENIGN
30697,1,1,46,74,46,74,46,74,46.0,74.0,BENIGN
3444738,5,1,135,46,46,46,6,46,27.0,46.0,BENIGN
8050814,5,0,30,0,6,0,6,0,6.0,0.0,DDoS
1799089,3,7,26,11607,20,4380,0,0,8.666666667,1658.142857,DDoS
18521,3,7,26,11601,20,5840,0,0,8.666666667,1657.285714,DDoS
85640,6,1,4894,6,1460,6,6,6,815.6666667,6.0,BENIGN
6140905,4,0,24,0,6,0,6,0,6.0,0.0,DDoS
2471937,5,0,30,0,6,0,6,0,6.0,0.0,DDoS
169302,3,4,26,11601,20,8760,0,0,8.666666667,2900.25,DDoS
771214,3,5,26,11607,20,7215,0,0,8.666666667,2321.4,DDoS
345037,3,6,26,11601,20,4380,0,0,8.666666667,1933.5,DDoS
6028274,1,5,6,30,6,6,6,6,6.0,6.0,BENIGN
9111786,4,0,24,0,6,0,6,0,6.0,0.0,DDoS
73386796,5,9,11613,62,11595,20,0,0,2322.6,6.888888889,BENIGN
29802,3,7,26,11601,20,4380,0,0,8.666666667,1657.285714,DDoS
10183752,5,0,30,0,6,0,6,0,6.0,0.0,DDoS
665247,3,5,26,11601,20,8760,0,0,8.666666667,2320.2,DDoS
2822516,4,0,24,0,6,0,6,0,6.0,0.0,DDoS
779344,3,7,26,11607,20,5840,0,0,8.666666667,1658.142857,DDoS
5912873,4,0,24,0,6,0,6,0,6.0,0.0,DDoS
92616032,8,5,56,11607,20,7215,0,0,7.0,2321.4,DDoS
81067048,8,6,56,11601,20,4380,0,0,7.0,1933.5,DDoS
953718,3,4,26,11607,20,11595,0,0,8.666666667,2901.75,DDoS
440951,3,4,651,421,651,421,0,0,217.0,105.25,BENIGN
23599,1,1,43,107,43,107,43,107,43.0,107.0,BENIGN
791399,3,6,26,11607,20,4380,0,0,8.666666667,1934.5,DDoS
20,1,1,6,6,6,6,6,6,6.0,6.0,BENIGN
5217562,3,1,0,0,0,0,0,0,0.0,0.0,BENIGN
1429659,3,5,26,11601,20,4380,0,0,8.666666667,2320.2,DDoS
50,1,3,6,18,6,6,6,6,6.0,6.0,BENIGN
84829966,8,4,56,11607,20,11595,0,0,7.0,2901.75,DDoS
1220098,7,2,11607,26,5840,20,0,6,1658.142857,13.0,BENIGN
349,2,2,96,96,48,48,48,48,48.0,48.0,BENIGN
6610859,5,0,30,0,6,0,6,0,6.0,0.0,DDoS
793672,3,6,26,11607,20,5840,0,0,8.666666667,1934.5,DDoS
8049208,7,6,50,11607,20,4380,0,0,7.142857143,1934.5,DDoS
27147,3,5,26,11601,20,5840,0,0,8.666666667,2320.2,DDoS
61323,3,6,26,11607,20,5840,0,0,8.666666667,1934.5,DDoS
65791,3,4,26,11601,20,8760,0,0,8.666666667,2900.25,DDoS
5247855,4,0,24,0,6,0,6,0,6.0,0.0,DDoS
47510,3,6,26,11601,20,5840,0,0,8.666666667,1933.5,DDoS
81236878,6,10,11607,68,5840,20,0,0,1934.5,6.8,BENIGN
115788052,22,20,825,8267,370,2920,0,0,37.5,413.35,BENIGN
39320,3,6,26,11607,20,4380,0,0,8.666666667,1934.5,DDoS
23531,1,1,56,72,56,72,56,72,56.0,72.0,BENIGN
82251398,8,5,56,11607,20,7215,0,0,7.0,2321.4,DDoS
13994,3,6,26,11601,20,5840,0,0,8.666666667,1933.5,DDoS
23470,1,2,0,0,0,0,0,0,0.0,0.0,BENIGN
161,2,2,62,138,31,69,31,69,31.0,69.0,BENIGN
561332,3,6,26,11607,20,5840,0,0,8.666666667,1934.5,DDoS
326182,3,4,26,11601,20,8760,0,0,8.666666667,2900.25,DDoS
25558,3,6,26,11607,20,5840,0,0,8.666666667,1934.5,DDoS
100907,3,4,443,872,437,860,0,0,147.6666667,218.0,BENIGN
277458,3,5,26,11607,20,7215,0,0,8.666666667,2321.4,DDoS
1374233,2,5,20,11607,20,7215,0,0,10.0,2321.4,DDoS
1440281,3,5,26,11607,20,5840,0,0,8.666666667,2321.4,DDoS
721272,3,4,26,11601,20,8760,0,0,8.666666667,2900.25,DDoS
23439,1,1,49,125,49,125,49,125,49.0,125.0,BENIGN
1400859,3,5,26,11607,20,10220,0,0,8.666666667,2321.4,DDoS
54262175,2,2,87,180,46,118,41,62,43.5,90.0,BENIGN
1441065,4,0,24,0,6,0,6,0,6.0,0.0,DDoS
6759298,4,0,24,0,6,0,6,0,6.0,0.0,DDoS
720115,2,0,12,0,6,0,6,0,6.0,0.0,BENIGN
69534,3,4,26,11601,20,7215,0,0,8.666666667,2900.25,DDoS
22,2,0,12,0,6,0,6,0,6.0,0.0,BENIGN
324074,3,6,26,11607,20,4380,0,0,8.666666667,1934.5,DDoS
358417,3,4,26,11601,20,5840,0,0,8.666666667,2900.25,DDoS
48755,2,2,64,96,32,48,32,48,32.0,48.0,BENIGN
70789605,6,9,12982,56,5840,20,0,0,2163.666667,6.222222222,BENIGN
189058,4,0,24,0,6,0,6,0,6.0,0.0,DDoS
691906,3,4,26,11607,20,11595,0,0,8.666666667,2901.75,DDoS
4623636,5,0,30,0,6,0,6,0,6.0,0.0,DDoS
1298311,3,8,26,11601,20,4380,0,0,8.666666667,1450.125,DDoS
404535,2,6,20,11601,20,5840,0,0,10.0,1933.5,DDoS
848672,3,6,26,11607,20,4380,0,0,8.666666667,1934.5,DDoS
1195426,3,6,26,11601,20,4380,0,0,8.666666667,1933.5,DDoS
49044,4,2,124,264,31,132,31,132,31.0,132.0,BENIGN
6671596,1,5,6,30,6,6,6,6,6.0,6.0,BENIGN
567327,3,5,26,11607,20,10135,0,0,8.666666667,2321.4,DDoS
4442949,4,0,24,0,6,0,6,0,6.0,0.0,DDoS
5300651,10,7,342,5698,185,1448,0,0,34.2,814.0,BENIGN
242,2,0,12,0,6,0,6,0,6.0,0.0,BENIGN
551,2,2,66,98,33,49,33,49,33.0,49.0,BENIGN
3351932,5,0,30,0,6,0,6,0,6.0,0.0,DDoS
26368,3,5,26,11607,20,10135,0,0,8.666666667,2321.4,DDoS
82687969,8,5,56,11607,20,7215,0,0,7.0,2321.4,DDoS
234135,3,5,26,11607,20,8675,0,0,8.666666667,2321.4,DDoS
1302946,41,44,2664,6954,456,976,0,0,64.97560976,158.0454545,BENIGN
1482647,3,5,26,11607,20,10135,0,0,8.666666667,2321.4,DDoS
4032899,4,0,24,0,6,0,6,0,6.0,0.0,DDoS
22,1,1,6,6,6,6,6,6,6.0,6.0,BENIGN
1723980,4,0,24,0,6,0,6,0,6.0,0.0,DDoS
76540025,6,9,11607,62,5840,20,0,0,1934.5,6.888888889,BENIGN
44587,3,5,26,11601,20,8760,0,0,8.666666667,2320.2,DDoS
8128323,1,5,6,30,6,6,6,6,6.0,6.0,BENIGN
82063301,2,2,88,120,46,62,42,58,44.0,60.0,BENIGN
4126,2,0,12,0,6,0,6,0,6.0,0.0,BENIGN
81722803,9,6,62,11601,20,5840,0,0,6.888888889,1933.5,DDoS
6071848,5,0,30,0,6,0,6,0,6.0,0.0,DDoS
72246554,8,5,56,11601,20,5840,0,0,7.0,2320.2,DDoS
76798214,8,5,56,11601,20,8760,0,0,7.0,2320.2,DDoS
1318901,3,4,26,11607,20,11595,0,0,8.666666667,2901.75,DDoS
6184848,4,0,24,0,6,0,6,0,6.0,0.0,DDoS
257,2,2,64,258,32,129,32,129,32.0,129.0,BENIGN
10058055,7,4,50,11607,20,11595,0,0,7.142857143,2901.75,DDoS
1838038,3,5,26,11607,20,7215,0,0,8.666666667,2321.4,DDoS
171,2,2,60,188,30,94,30,94,30.0,94.0,BENIGN
24944,3,1,18,0,6,0,6,0,6.0,0.0,BENIGN
89395825,8,6,56,11601,20,5840,0,0,7.0,1933.5,DDoS
7476718,7,8,11607,56,5840,20,0,0,1658.142857,7.0,BENIGN
68692,2,2,70,222,35,111,35,111,35.0,111.0,BENIGN
82472987,8,5,56,11607,20,5840,0,0,7.0,2321.4,DDoS
16343,3,6,26,11601,20,2920,0,0,8.666666667,1933.5,DDoS
115375665,53,64,951,103351,311,4380,0,0,17.94339623,1614.859375,BENIGN
24337,2,2,64,256,32,128,32,128,32.0,128.0,BENIGN
2430885,21,20,964,25080,290,2920,0,0,45.9047619,1254.0,BENIGN
1509004,5,0,30,0,6,0,6,0,6.0,0.0,DDoS
25229,1,1,84,166,84,166,84,166,84.0,166.0,BENIGN
6064975,1,5,1375,24,1375,6,1375,0,1375.0,4.8,BENIGN
3272984,4,0,24,0,6,0,6,0,6.0,0.0,DDoS
17,3,0,37,0,37,0,0,0,12.33333333,0.0,BENIGN
9759729,5,0,30,0,6,0,6,0,6.0,0.0,DDoS
2198957,4,0,24,0,6,0,6,0,6.0,0.0,DDoS
71748774,8,4,56,11607,20,11595,0,0,7.0,2901.75,DDoS
7816827,5,0,30,0,6,0,6,0,6.0,0.0,DDoS
154,2,2,70,168,35,84,35,84,35.0,84.0,BENIGN
71379529,9,5,62,11601,20,5840,0,0,6.888888889,2320.2,DDoS
109949,3,5,26,11607,20,8760,0,0,8.666666667,2321.4,DDoS
24,2,0,12,0,6,0,6,0,6.0,0.0,BENIGN
75449032,8,4,56,11601,20,7215,0,0,7.0,2900.25,DDoS
1758611,3,6,26,11601,20,5840,0,0,8.666666667,1933.5,DDoS
1171152,3,4,26,11601,20,8760,0,0,8.666666667,2900.25,DDoS
6280926,4,0,24,0,6,0,6,0,6.0,0.0,DDoS
205,2,2,64,204,32,102,32,102,32.0,102.0,BENIGN
137829,3,6,26,11607,20,5840,0,0,8.666666667,1934.5,DDoS
22660,3,5,26,11601,20,5840,0,0,8.666666667,2320.2,DDoS
1194866,2,6,20,11607,20,5755,0,0,10.0,1934.5,DDoS
6039920,1,5,6,30,6,6,6,6,6.0,6.0,BENIGN
92615741,6,9,11613,62,7215,20,0,0,1935.5,6.888888889,BENIGN
78491704,8,4,56,11601,20,7215,0,0,7.0,2900.25,DDoS
199,2,2,90,122,45,61,45,61,45.0,61.0,BENIGN
81015,4,0,24,0,6,0,6,0,6.0,0.0,DDoS
180,2,0,0,0,0,0,0,0,0.0,0.0,BENIGN
81607735,8,5,56,11607,20,5840,0,0,7.0,2321.4,DDoS
7044859,6,0,36,0,6,0,6,0,6.0,0.0,DDoS
9215837,4,0,24,0,6,0,6,0,6.0,0.0,DDoS
4173877,4,0,24,0,6,0,6,0,6.0,0.0,DDoS
256544,3,4,26,11607,20,11595,0,0,8.666666667,2901.75,DDoS
7010014,5,0,30,0,6,0,6,0,6.0,0.0,DDoS
249,2,2,72,184,36,92,36,92,36.0,92.0,BENIGN
444815,3,5,26,11607,20,10135,0,0,8.666666667,2321.4,DDoS
1769308,3,4,26,11607,20,11595,0,0,8.666666667,2901.75,DDoS
7287823,5,0,30,0,6,0,6,0,6.0,0.0,DDoS
87681427,8,5,56,11607,20,10135,0,0,7.0,2321.4,DDoS
10128089,1,5,6,30,6,6,6,6,6.0,6.0,BENIGN
6036261,4,0,24,0,6,0,6,0,6.0,0.0,DDoS
718687,3,5,26,11601,20,5840,0,0,8.666666667,2320.2,DDoS
5177239,7,4,677,174,517,174,0,0,96.71428571,43.5,BENIGN
7798846,5,0,30,0,6,0,6,0,6.0,0.0,DDoS
3127799,1,5,6,30,6,6,6,6,6.0,6.0,BENIGN
28956,3,4,26,11601,20,5840,0,0,8.666666667,2900.25,DDoS
40642,3,5,26,11607,20,10135,0,0,8.666666667,2321.4,DDoS
5979125,1,5,6,30,6,6,6,6,6.0,6.0,BENIGN
35,1,1,6,6,6,6,6,6,6.0,6.0,BENIGN
9598757,4,0,24,0,6,0,6,0,6.0,0.0,DDoS
86984711,8,6,56,11601,20,7300,0,0,7.0,1933.5,DDoS
60436,1,1,53,107,53,107,53,107,53.0,107.0,BENIGN
207429,4,2,136,206,34,103,34,103,34.0,103.0,BENIGN
124989,3,6,26,11607,20,5840,0,0,8.666666667,1934.5,DDoS
1354168,3,6,26,11607,20,5840,0,0,8.666666667,1934.5,DDoS
90,2,0,12,0,6,0,6,0,6.0,0.0,BENIGN
3325277,4,0,24,0,6,0,6,0,6.0,0.0,DDoS
636419,3,4,26,11601,20,8760,0,0,8.666666667,2900.25,DDoS
541967,3,6,26,11601,20,5840,0,0,8.666666667,1933.5,DDoS
91782965,6,9,11607,62,7215,20,0,0,1934.5,6.888888889,BENIGN
60065,2,2,70,184,35,92,35,92,35.0,92.0,BENIGN
6025853,4,0,24,0,6,0,6,0,6.0,0.0,DDoS
8605071,4,0,24,0,6,0,6,0,6.0,0.0,DDoS
173,2,2,76,108,38,54,38,54,38.0,54.0,BENIGN
5416892,5,0,30,0,6,0,6,0,6.0,0.0,DDoS
976110,3,6,26,11607,20,5840,0,0,8.666666667,1934.5,DDoS
2049977,5,0,30,0,6,0,6,0,6.0,0.0,DDoS
170136,1,1,48,105,48,105,48,105,48.0,105.0,BENIGN
1295694,3,6,26,11607,20,5840,0,0,8.666666667,1934.5,DDoS
89,2,0,0,0,0,0,0,0,0.0,0.0,BENIGN
141979,40,53,1307,98601,570,4344,0,0,32.675,1860.396226,BENIGN
70,1,1,0,0,0,0,0,0,0.0,0.0,BENIGN
98161474,8,5,56,11601,20,7300,0,0,7.0,2320.2,DDoS
73431003,7,10,11607,68,5840,20,0,0,1658.142857,6.8,BENIGN
93254,3,8,26,11601,20,2920,0,0,8.666666667,1450.125,DDoS
1685851,3,5,26,11607,20,7215,0,0,8.666666667,2321.4,DDoS
722731,3,5,26,11607,20,7215,0,0,8.666666667,2321.4,DDoS
5776847,5,0,30,0,6,0,6,0,6.0,0.0,DDoS
5719007,5,0,30,0,6,0,6,0,6.0,0.0,DDoS
32444,3,4,26,11607,20,11595,0,0,8.666666667,2901.75,DDoS
880319,7,2,11601,26,7300,20,0,6,1657.285714,13.0,BENIGN
236,3,1,83,6,46,6,6,6,27.66666667,6.0,BENIGN
12669,3,6,26,11601,20,7300,0,0,8.666666667,1933.5,DDoS
80947508,9,6,62,11601,20,2920,0,0,6.888888889,1933.5,DDoS
4211916,5,0,30,0,6,0,6,0,6.0,0.0,DDoS
208,2,0,12,0,6,0,6,0,6.0,0.0,BENIGN
96945474,8,7,56,11601,20,2920,0,0,7.0,1657.285714,DDoS
24580306,5,0,30,0,6,0,6,0,6.0,0.0,DDoS
71756089,8,6,56,11607,20,5840,0,0,7.0,1934.5,DDoS
77367428,6,9,12976,56,8760,20,0,0,2162.666667,6.222222222,BENIGN
438701,3,6,26,11607,20,5755,0,0,8.666666667,1934.5,DDoS
1740912,7,2,11607,26,5840,20,0,6,1658.142857,13.0,BENIGN
84853,3,5,26,11607,20,10135,0,0,8.666666667,2321.4,DDoS
22,1,1,6,6,6,6,6,6,6.0,6.0,BENIGN
111,1,1,6,6,6,6,6,6,6.0,6.0,BENIGN
9327756,4,0,24,0,6,0,6,0,6.0,0.0,DDoS
